<Anims>
 <anim name="hit" root="baka_lamp_post" numframes="350" framerate="40">
  <frame idx="0" w="309" h="1287" x="-44.134872" y="-753.328552">
   <element name="glow" layername="glow" frame="0" z_index="8" m_a="1.033620" m_b="0.000000" m_c="0.000000" m_d="0.978516" m_tx="7.900000" m_ty="-613.700012"/>
   <element name="quagmire_lamp_post01" layername="quagmire_lamp_pos" frame="2" z_index="9" m_a="1.031233" m_b="0.067663" m_c="-0.064109" m_d="0.977072" m_tx="4.100000" m_ty="-547.250000"/>
   <element name="quagmire_lamp_post01" layername="quagmire_lamp_pos" frame="0" z_index="10" m_a="1.031895" m_b="-0.059699" m_c="0.056896" m_d="0.983444" m_tx="-4.400000" m_ty="0.800000"/>
   <element name="quagmire_lamp_post01" layername="quagmire_lamp_pos" frame="1" z_index="11" m_a="1.032658" m_b="0.044346" m_c="-0.039738" m_d="0.925340" m_tx="-24.400000" m_ty="-132.000000"/>
  </frame>
  <frame idx="25" w="270" h="1317" x="-36.912876" y="-769.294678">
   <element name="glow" layername="glow" frame="0" z_index="8" m_a="0.945408" m_b="0.000000" m_c="0.000000" m_d="0.903803" m_tx="-0.482353" m_ty="-625.611755"/>
   <element name="quagmire_lamp_post01" layername="quagmire_lamp_pos" frame="2" z_index="9" m_a="1.010556" m_b="0.019137" m_c="-0.018700" m_d="0.987520" m_tx="0.497059" m_ty="-559.602905"/>
   <element name="quagmire_lamp_post01" layername="quagmire_lamp_pos" frame="0" z_index="10" m_a="1.010552" m_b="-0.040110" m_c="0.039863" m_d="1.004328" m_tx="-3.223529" m_ty="-0.008824"/>
   <element name="quagmire_lamp_post01" layername="quagmire_lamp_pos" frame="1" z_index="11" m_a="1.010943" m_b="0.026631" m_c="-0.024874" m_d="0.944232" m_tx="-17.341177" m_ty="-136.411758"/>
  </frame>
  <frame idx="50" w="258" h="1347" x="-31.947823" y="-785.219177">
   <element name="glow" layername="glow" frame="0" z_index="8" m_a="0.855479" m_b="0.000000" m_c="0.000000" m_d="0.827650" m_tx="-9.027273" m_ty="-637.730286"/>
   <element name="quagmire_lamp_post01" layername="quagmire_lamp_pos" frame="2" z_index="9" m_a="0.987156" m_b="-0.027394" m_c="0.027637" m_d="0.995926" m_tx="-3.200000" m_ty="-572.122742"/>
   <element name="quagmire_lamp_post01" layername="quagmire_lamp_pos" frame="0" z_index="10" m_a="0.988403" m_b="-0.022121" m_c="0.022950" m_d="1.025445" m_tx="-2.000000" m_ty="-0.857576"/>
   <element name="quagmire_lamp_post01" layername="quagmire_lamp_pos" frame="1" z_index="11" m_a="0.988557" m_b="0.010632" m_c="-0.010361" m_d="0.963313" m_tx="-10.121212" m_ty="-140.884842"/>
  </frame>
  <frame idx="75" w="268" h="1378" x="-41.081135" y="-801.035156">
   <element name="glow" layername="glow" frame="0" z_index="8" m_a="0.764600" m_b="0.000000" m_c="0.000000" m_d="0.750693" m_tx="-17.663635" m_ty="-649.965149"/>
   <element name="quagmire_lamp_post01" layername="quagmire_lamp_pos" frame="2" z_index="9" m_a="0.961411" m_b="-0.072619" m_c="0.075702" m_d="1.002225" m_tx="-6.937879" m_ty="-584.748474"/>
   <element name="quagmire_lamp_post01" layername="quagmire_lamp_pos" frame="0" z_index="10" m_a="0.965712" m_b="-0.005085" m_c="0.005511" m_d="1.046572" m_tx="-0.798485" m_ty="-1.704545"/>
   <element name="quagmire_lamp_post01" layername="quagmire_lamp_pos" frame="1" z_index="11" m_a="0.965716" m_b="-0.003895" m_c="0.003962" m_d="0.982415" m_tx="-2.810606" m_ty="-145.368179"/>
  </frame>
  <frame idx="100" w="278" h="1408" x="-50.608482" y="-816.638611">
   <element name="glow" layername="glow" frame="0" z_index="8" m_a="0.673752" m_b="0.000000" m_c="0.000000" m_d="0.673752" m_tx="-26.299999" m_ty="-662.200012"/>
   <element name="quagmire_lamp_post01" layername="quagmire_lamp_pos" frame="2" z_index="9" m_a="0.933613" m_b="-0.117303" m_c="0.126419" m_d="1.006169" m_tx="-10.650000" m_ty="-597.400024"/>
   <element name="quagmire_lamp_post01" layername="quagmire_lamp_pos" frame="0" z_index="10" m_a="0.942752" m_b="0.011733" m_c="-0.013283" m_d="1.067367" m_tx="0.300000" m_ty="-2.500000"/>
   <element name="quagmire_lamp_post01" layername="quagmire_lamp_pos" frame="1" z_index="11" m_a="0.942667" m_b="-0.017277" m_c="0.018352" m_d="1.001302" m_tx="4.500000" m_ty="-149.800003"/>
  </frame>
  <frame idx="125" w="275" h="1407" x="-48.663502" y="-815.837219">
   <element name="glow" layername="glow" frame="0" z_index="8" m_a="0.695092" m_b="0.000000" m_c="0.000000" m_d="0.695092" m_tx="-24.829411" m_ty="-661.427979"/>
   <element name="quagmire_lamp_post01" layername="quagmire_lamp_pos" frame="2" z_index="9" m_a="0.937128" m_b="-0.108784" m_c="0.116818" m_d="1.006344" m_tx="-9.767647" m_ty="-596.591187"/>
   <element name="quagmire_lamp_post01" layername="quagmire_lamp_pos" frame="0" z_index="10" m_a="0.945399" m_b="0.010892" m_c="-0.012246" m_d="1.062946" m_tx="0.263235" m_ty="-2.316176"/>
   <element name="quagmire_lamp_post01" layername="quagmire_lamp_pos" frame="1" z_index="11" m_a="0.945302" m_b="-0.015460" m_c="0.016374" m_d="1.001182" m_tx="4.426471" m_ty="-148.917648"/>
  </frame>
  <frame idx="150" w="272" h="1406" x="-45.284882" y="-814.007690">
   <element name="glow" layername="glow" frame="0" z_index="8" m_a="0.744996" m_b="0.000000" m_c="0.000000" m_d="0.744996" m_tx="-21.390907" m_ty="-659.695496"/>
   <element name="quagmire_lamp_post01" layername="quagmire_lamp_pos" frame="2" z_index="9" m_a="0.945148" m_b="-0.093044" m_c="0.099099" m_d="1.006662" m_tx="-7.728788" m_ty="-594.748474"/>
   <element name="quagmire_lamp_post01" layername="quagmire_lamp_pos" frame="0" z_index="10" m_a="0.951614" m_b="0.009745" m_c="-0.010781" m_d="1.052759" m_tx="0.274242" m_ty="-1.886364"/>
   <element name="quagmire_lamp_post01" layername="quagmire_lamp_pos" frame="1" z_index="11" m_a="0.951472" m_b="-0.012811" m_c="0.013479" m_d="1.001048" m_tx="4.157576" m_ty="-146.975754"/>
  </frame>
  <frame idx="175" w="267" h="1403" x="-39.341549" y="-810.534912">
   <element name="glow" layername="glow" frame="0" z_index="8" m_a="0.825046" m_b="0.000000" m_c="0.000000" m_d="0.825046" m_tx="-15.851515" m_ty="-656.925781"/>
   <element name="quagmire_lamp_post01" layername="quagmire_lamp_pos" frame="2" z_index="9" m_a="0.957584" m_b="-0.067690" m_c="0.071161" m_d="1.006693" m_tx="-4.493939" m_ty="-591.803040"/>
   <element name="quagmire_lamp_post01" layername="quagmire_lamp_pos" frame="0" z_index="10" m_a="0.961581" m_b="0.008369" m_c="-0.009021" m_d="1.036438" m_tx="0.287879" m_ty="-1.221212"/>
   <element name="quagmire_lamp_post01" layername="quagmire_lamp_pos" frame="1" z_index="11" m_a="0.961368" m_b="-0.008716" m_c="0.009075" m_d="1.000867" m_tx="3.742424" m_ty="-143.880310"/>
  </frame>
  <frame idx="200" w="258" h="1400" x="-30.821991" y="-806.317993">
   <element name="glow" layername="glow" frame="0" z_index="8" m_a="0.935013" m_b="0.000000" m_c="0.000000" m_d="0.935013" m_tx="-8.200000" m_ty="-653.099976"/>
   <element name="quagmire_lamp_post01" layername="quagmire_lamp_pos" frame="2" z_index="9" m_a="0.973596" m_b="-0.030277" m_c="0.031270" m_d="1.005514" m_tx="-0.100000" m_ty="-587.750000"/>
   <element name="quagmire_lamp_post01" layername="quagmire_lamp_pos" frame="0" z_index="10" m_a="0.975257" m_b="0.006876" m_c="-0.007149" m_d="1.013975" m_tx="0.250000" m_ty="-0.350000"/>
   <element name="quagmire_lamp_post01" layername="quagmire_lamp_pos" frame="1" z_index="11" m_a="0.974936" m_b="-0.002495" m_c="0.002561" m_d="1.000587" m_tx="3.250000" m_ty="-139.600006"/>
  </frame>
  <frame idx="225" w="302" h="1394" x="-32.056652" y="-799.861633">
   <element name="glow" layername="glow" frame="0" z_index="8" m_a="1.084445" m_b="0.000000" m_c="0.000000" m_d="1.084445" m_tx="2.020588" m_ty="-648.026489"/>
   <element name="quagmire_lamp_post01" layername="quagmire_lamp_pos" frame="2" z_index="9" m_a="0.992927" m_b="0.020350" m_c="-0.020523" m_d="1.001378" m_tx="5.855882" m_ty="-582.272034"/>
   <element name="quagmire_lamp_post01" layername="quagmire_lamp_pos" frame="0" z_index="10" m_a="0.993844" m_b="0.005872" m_c="-0.005812" m_d="0.983526" m_tx="0.323529" m_ty="0.716176"/>
   <element name="quagmire_lamp_post01" layername="quagmire_lamp_pos" frame="1" z_index="11" m_a="0.993353" m_b="0.005025" m_c="-0.005060" m_d="1.000143" m_tx="2.330882" m_ty="-133.791183"/>
  </frame>
  <frame idx="250" w="308" h="1391" x="-32.727150" y="-798.189453">
   <element name="glow" layername="glow" frame="0" z_index="8" m_a="1.100994" m_b="0.000000" m_c="0.000000" m_d="1.100994" m_tx="3.251515" m_ty="-647.751526"/>
   <element name="quagmire_lamp_post01" layername="quagmire_lamp_pos" frame="2" z_index="9" m_a="0.999554" m_b="0.028613" m_c="-0.028613" m_d="0.999554" m_tx="5.939394" m_ty="-581.293945"/>
   <element name="quagmire_lamp_post01" layername="quagmire_lamp_pos" frame="0" z_index="10" m_a="1.000377" m_b="0.003934" m_c="-0.003852" m_d="0.979457" m_tx="0.301515" m_ty="0.833333"/>
   <element name="quagmire_lamp_post01" layername="quagmire_lamp_pos" frame="1" z_index="11" m_a="0.999976" m_b="0.004451" m_c="-0.004451" m_d="0.999976" m_tx="1.515152" m_ty="-132.815155"/>
  </frame>
  <frame idx="275" w="290" h="1390" x="-31.410402" y="-799.605042">
   <element name="glow" layername="glow" frame="0" z_index="8" m_a="1.050249" m_b="0.000000" m_c="0.000000" m_d="1.050249" m_tx="-0.077273" m_ty="-649.860596"/>
   <element name="quagmire_lamp_post01" layername="quagmire_lamp_pos" frame="2" z_index="9" m_a="0.999824" m_b="0.014365" m_c="-0.014365" m_d="0.999824" m_tx="3.119697" m_ty="-582.665161"/>
   <element name="quagmire_lamp_post01" layername="quagmire_lamp_pos" frame="0" z_index="10" m_a="1.000165" m_b="0.001762" m_c="-0.001742" m_d="0.988856" m_tx="0.225758" m_ty="0.465152"/>
   <element name="quagmire_lamp_post01" layername="quagmire_lamp_pos" frame="1" z_index="11" m_a="0.999966" m_b="0.000737" m_c="-0.000737" m_d="0.999966" m_tx="0.878788" m_ty="-134.339386"/>
  </frame>
  <frame idx="300" w="278" h="1391" x="-30.566217" y="-800.611816">
   <element name="glow" layername="glow" frame="0" z_index="8" m_a="1.015340" m_b="0.000000" m_c="0.000000" m_d="1.015340" m_tx="-2.350000" m_ty="-651.299988"/>
   <element name="quagmire_lamp_post01" layername="quagmire_lamp_pos" frame="2" z_index="9" m_a="0.999924" m_b="0.004502" m_c="-0.004502" m_d="0.999924" m_tx="1.150000" m_ty="-583.650024"/>
   <element name="quagmire_lamp_post01" layername="quagmire_lamp_pos" frame="0" z_index="10" m_a="1.000030" m_b="0.000174" m_c="-0.000174" m_d="0.995346" m_tx="0.150000" m_ty="0.200000"/>
   <element name="quagmire_lamp_post01" layername="quagmire_lamp_pos" frame="1" z_index="11" m_a="0.999954" m_b="0.000262" m_c="-0.000262" m_d="0.999954" m_tx="0.500000" m_ty="-135.399994"/>
  </frame>
  <frame idx="325" w="274" h="1391" x="-30.142887" y="-800.876099">
   <element name="glow" layername="glow" frame="0" z_index="8" m_a="1.004061" m_b="0.000000" m_c="0.000000" m_d="1.004061" m_tx="-3.122059" m_ty="-651.777954"/>
   <element name="quagmire_lamp_post01" layername="quagmire_lamp_pos" frame="2" z_index="9" m_a="0.999959" m_b="0.001641" m_c="-0.001641" m_d="0.999959" m_tx="0.598529" m_ty="-583.907349"/>
   <element name="quagmire_lamp_post01" layername="quagmire_lamp_pos" frame="0" z_index="10" m_a="1.000008" m_b="0.000110" m_c="-0.000110" m_d="0.997489" m_tx="0.076471" m_ty="0.052941"/>
   <element name="quagmire_lamp_post01" layername="quagmire_lamp_pos" frame="1" z_index="11" m_a="0.999977" m_b="0.000146" m_c="-0.000146" m_d="0.999977" m_tx="0.242647" m_ty="-135.657349"/>
  </frame>
 </anim>
 <anim name="idle" root="baka_lamp_post" numframes="950" framerate="40">
  <frame idx="0" w="272" h="1391" x="-30.224968" y="-801.274841">
   <element name="glow" layername="glow" frame="0" z_index="8" m_a="1.000000" m_b="0.000000" m_c="0.000000" m_d="1.000000" m_tx="-4.300000" m_ty="-652.200012"/>
   <element name="quagmire_lamp_post01" layername="quagmire_lamp_pos" frame="2" z_index="9" m_a="1.000000" m_b="0.000000" m_c="0.000000" m_d="1.000000" m_tx="0.000000" m_ty="-584.299988"/>
   <element name="quagmire_lamp_post01" layername="quagmire_lamp_pos" frame="0" z_index="10" m_a="1.000000" m_b="0.000000" m_c="0.000000" m_d="1.000000" m_tx="0.000000" m_ty="0.000000"/>
   <element name="quagmire_lamp_post01" layername="quagmire_lamp_pos" frame="1" z_index="11" m_a="1.000000" m_b="0.000000" m_c="0.000000" m_d="1.000000" m_tx="0.000000" m_ty="-136.000000"/>
  </frame>
  <frame idx="25" w="276" h="1391" x="-30.224968" y="-801.274841">
   <element name="glow" layername="glow" frame="0" z_index="8" m_a="1.019110" m_b="0.000000" m_c="0.000000" m_d="1.019110" m_tx="-4.300000" m_ty="-652.200012"/>
   <element name="quagmire_lamp_post01" layername="quagmire_lamp_pos" frame="2" z_index="9" m_a="1.000000" m_b="0.000000" m_c="0.000000" m_d="1.000000" m_tx="0.000000" m_ty="-584.299988"/>
   <element name="quagmire_lamp_post01" layername="quagmire_lamp_pos" frame="0" z_index="10" m_a="1.000000" m_b="0.000000" m_c="0.000000" m_d="1.000000" m_tx="0.000000" m_ty="0.000000"/>
   <element name="quagmire_lamp_post01" layername="quagmire_lamp_pos" frame="1" z_index="11" m_a="1.000000" m_b="0.000000" m_c="0.000000" m_d="1.000000" m_tx="0.000000" m_ty="-136.000000"/>
  </frame>
  <frame idx="50" w="282" h="1391" x="-30.724968" y="-801.274841">
   <element name="glow" layername="glow" frame="0" z_index="8" m_a="1.037714" m_b="0.000000" m_c="0.000000" m_d="1.037714" m_tx="-4.300000" m_ty="-652.200012"/>
   <element name="quagmire_lamp_post01" layername="quagmire_lamp_pos" frame="2" z_index="9" m_a="1.000000" m_b="0.000000" m_c="0.000000" m_d="1.000000" m_tx="0.000000" m_ty="-584.299988"/>
   <element name="quagmire_lamp_post01" layername="quagmire_lamp_pos" frame="0" z_index="10" m_a="1.000000" m_b="0.000000" m_c="0.000000" m_d="1.000000" m_tx="0.000000" m_ty="0.000000"/>
   <element name="quagmire_lamp_post01" layername="quagmire_lamp_pos" frame="1" z_index="11" m_a="1.000000" m_b="0.000000" m_c="0.000000" m_d="1.000000" m_tx="0.000000" m_ty="-136.000000"/>
  </frame>
  <frame idx="75" w="287" h="1391" x="-31.224968" y="-801.274841">
   <element name="glow" layername="glow" frame="0" z_index="8" m_a="1.055600" m_b="0.000000" m_c="0.000000" m_d="1.055600" m_tx="-4.300000" m_ty="-652.200012"/>
   <element name="quagmire_lamp_post01" layername="quagmire_lamp_pos" frame="2" z_index="9" m_a="1.000000" m_b="0.000000" m_c="0.000000" m_d="1.000000" m_tx="0.000000" m_ty="-584.299988"/>
   <element name="quagmire_lamp_post01" layername="quagmire_lamp_pos" frame="0" z_index="10" m_a="1.000000" m_b="0.000000" m_c="0.000000" m_d="1.000000" m_tx="0.000000" m_ty="0.000000"/>
   <element name="quagmire_lamp_post01" layername="quagmire_lamp_pos" frame="1" z_index="11" m_a="1.000000" m_b="0.000000" m_c="0.000000" m_d="1.000000" m_tx="0.000000" m_ty="-136.000000"/>
  </frame>
  <frame idx="100" w="291" h="1391" x="-31.724968" y="-801.274841">
   <element name="glow" layername="glow" frame="0" z_index="8" m_a="1.072570" m_b="0.000000" m_c="0.000000" m_d="1.072570" m_tx="-4.300000" m_ty="-652.200012"/>
   <element name="quagmire_lamp_post01" layername="quagmire_lamp_pos" frame="2" z_index="9" m_a="1.000000" m_b="0.000000" m_c="0.000000" m_d="1.000000" m_tx="0.000000" m_ty="-584.299988"/>
   <element name="quagmire_lamp_post01" layername="quagmire_lamp_pos" frame="0" z_index="10" m_a="1.000000" m_b="0.000000" m_c="0.000000" m_d="1.000000" m_tx="0.000000" m_ty="0.000000"/>
   <element name="quagmire_lamp_post01" layername="quagmire_lamp_pos" frame="1" z_index="11" m_a="1.000000" m_b="0.000000" m_c="0.000000" m_d="1.000000" m_tx="0.000000" m_ty="-136.000000"/>
  </frame>
  <frame idx="125" w="296" h="1391" x="-32.224968" y="-801.274841">
   <element name="glow" layername="glow" frame="0" z_index="8" m_a="1.087732" m_b="0.000000" m_c="0.000000" m_d="1.087732" m_tx="-4.300000" m_ty="-652.200012"/>
   <element name="quagmire_lamp_post01" layername="quagmire_lamp_pos" frame="2" z_index="9" m_a="1.000000" m_b="0.000000" m_c="0.000000" m_d="1.000000" m_tx="0.000000" m_ty="-584.299988"/>
   <element name="quagmire_lamp_post01" layername="quagmire_lamp_pos" frame="0" z_index="10" m_a="1.000000" m_b="0.000000" m_c="0.000000" m_d="1.000000" m_tx="0.000000" m_ty="0.000000"/>
   <element name="quagmire_lamp_post01" layername="quagmire_lamp_pos" frame="1" z_index="11" m_a="1.000000" m_b="0.000000" m_c="0.000000" m_d="1.000000" m_tx="0.000000" m_ty="-136.000000"/>
  </frame>
  <frame idx="150" w="299" h="1391" x="-32.224968" y="-801.274841">
   <element name="glow" layername="glow" frame="0" z_index="8" m_a="1.102310" m_b="0.000000" m_c="0.000000" m_d="1.102310" m_tx="-4.324243" m_ty="-652.200012"/>
   <element name="quagmire_lamp_post01" layername="quagmire_lamp_pos" frame="2" z_index="9" m_a="1.000000" m_b="0.000000" m_c="0.000000" m_d="1.000000" m_tx="0.000000" m_ty="-584.299988"/>
   <element name="quagmire_lamp_post01" layername="quagmire_lamp_pos" frame="0" z_index="10" m_a="1.000000" m_b="0.000000" m_c="0.000000" m_d="1.000000" m_tx="0.000000" m_ty="0.000000"/>
   <element name="quagmire_lamp_post01" layername="quagmire_lamp_pos" frame="1" z_index="11" m_a="1.000000" m_b="0.000000" m_c="0.000000" m_d="1.000000" m_tx="0.000000" m_ty="-136.000000"/>
  </frame>
  <frame idx="175" w="303" h="1391" x="-32.724968" y="-801.274841">
   <element name="glow" layername="glow" frame="0" z_index="8" m_a="1.116128" m_b="0.000000" m_c="0.000000" m_d="1.116128" m_tx="-4.350000" m_ty="-652.200012"/>
   <element name="quagmire_lamp_post01" layername="quagmire_lamp_pos" frame="2" z_index="9" m_a="1.000000" m_b="0.000000" m_c="0.000000" m_d="1.000000" m_tx="0.000000" m_ty="-584.299988"/>
   <element name="quagmire_lamp_post01" layername="quagmire_lamp_pos" frame="0" z_index="10" m_a="1.000000" m_b="0.000000" m_c="0.000000" m_d="1.000000" m_tx="0.000000" m_ty="0.000000"/>
   <element name="quagmire_lamp_post01" layername="quagmire_lamp_pos" frame="1" z_index="11" m_a="1.000000" m_b="0.000000" m_c="0.000000" m_d="1.000000" m_tx="0.000000" m_ty="-136.000000"/>
  </frame>
  <frame idx="200" w="306" h="1391" x="-32.724968" y="-801.274841">
   <element name="glow" layername="glow" frame="0" z_index="8" m_a="1.129030" m_b="0.000000" m_c="0.000000" m_d="1.129030" m_tx="-4.350000" m_ty="-652.200012"/>
   <element name="quagmire_lamp_post01" layername="quagmire_lamp_pos" frame="2" z_index="9" m_a="1.000000" m_b="0.000000" m_c="0.000000" m_d="1.000000" m_tx="0.000000" m_ty="-584.299988"/>
   <element name="quagmire_lamp_post01" layername="quagmire_lamp_pos" frame="0" z_index="10" m_a="1.000000" m_b="0.000000" m_c="0.000000" m_d="1.000000" m_tx="0.000000" m_ty="0.000000"/>
   <element name="quagmire_lamp_post01" layername="quagmire_lamp_pos" frame="1" z_index="11" m_a="1.000000" m_b="0.000000" m_c="0.000000" m_d="1.000000" m_tx="0.000000" m_ty="-136.000000"/>
  </frame>
  <frame idx="225" w="309" h="1391" x="-33.224968" y="-801.274841">
   <element name="glow" layername="glow" frame="0" z_index="8" m_a="1.140229" m_b="0.000000" m_c="0.000000" m_d="1.140229" m_tx="-4.350000" m_ty="-652.200012"/>
   <element name="quagmire_lamp_post01" layername="quagmire_lamp_pos" frame="2" z_index="9" m_a="1.000000" m_b="0.000000" m_c="0.000000" m_d="1.000000" m_tx="0.000000" m_ty="-584.299988"/>
   <element name="quagmire_lamp_post01" layername="quagmire_lamp_pos" frame="0" z_index="10" m_a="1.000000" m_b="0.000000" m_c="0.000000" m_d="1.000000" m_tx="0.000000" m_ty="0.000000"/>
   <element name="quagmire_lamp_post01" layername="quagmire_lamp_pos" frame="1" z_index="11" m_a="1.000000" m_b="0.000000" m_c="0.000000" m_d="1.000000" m_tx="0.000000" m_ty="-136.000000"/>
  </frame>
  <frame idx="250" w="312" h="1391" x="-33.224968" y="-801.274841">
   <element name="glow" layername="glow" frame="0" z_index="8" m_a="1.150776" m_b="0.000000" m_c="0.000000" m_d="1.150776" m_tx="-4.350000" m_ty="-652.200012"/>
   <element name="quagmire_lamp_post01" layername="quagmire_lamp_pos" frame="2" z_index="9" m_a="1.000000" m_b="0.000000" m_c="0.000000" m_d="1.000000" m_tx="0.000000" m_ty="-584.299988"/>
   <element name="quagmire_lamp_post01" layername="quagmire_lamp_pos" frame="0" z_index="10" m_a="1.000000" m_b="0.000000" m_c="0.000000" m_d="1.000000" m_tx="0.000000" m_ty="0.000000"/>
   <element name="quagmire_lamp_post01" layername="quagmire_lamp_pos" frame="1" z_index="11" m_a="1.000000" m_b="0.000000" m_c="0.000000" m_d="1.000000" m_tx="0.000000" m_ty="-136.000000"/>
  </frame>
  <frame idx="275" w="315" h="1391" x="-33.724968" y="-801.274841">
   <element name="glow" layername="glow" frame="0" z_index="8" m_a="1.160522" m_b="0.000000" m_c="0.000000" m_d="1.160522" m_tx="-4.350000" m_ty="-652.200012"/>
   <element name="quagmire_lamp_post01" layername="quagmire_lamp_pos" frame="2" z_index="9" m_a="1.000000" m_b="0.000000" m_c="0.000000" m_d="1.000000" m_tx="0.000000" m_ty="-584.299988"/>
   <element name="quagmire_lamp_post01" layername="quagmire_lamp_pos" frame="0" z_index="10" m_a="1.000000" m_b="0.000000" m_c="0.000000" m_d="1.000000" m_tx="0.000000" m_ty="0.000000"/>
   <element name="quagmire_lamp_post01" layername="quagmire_lamp_pos" frame="1" z_index="11" m_a="1.000000" m_b="0.000000" m_c="0.000000" m_d="1.000000" m_tx="0.000000" m_ty="-136.000000"/>
  </frame>
  <frame idx="300" w="317" h="1391" x="-33.724968" y="-801.274841">
   <element name="glow" layername="glow" frame="0" z_index="8" m_a="1.169340" m_b="0.000000" m_c="0.000000" m_d="1.169340" m_tx="-4.350000" m_ty="-652.200012"/>
   <element name="quagmire_lamp_post01" layername="quagmire_lamp_pos" frame="2" z_index="9" m_a="1.000000" m_b="0.000000" m_c="0.000000" m_d="1.000000" m_tx="0.000000" m_ty="-584.299988"/>
   <element name="quagmire_lamp_post01" layername="quagmire_lamp_pos" frame="0" z_index="10" m_a="1.000000" m_b="0.000000" m_c="0.000000" m_d="1.000000" m_tx="0.000000" m_ty="0.000000"/>
   <element name="quagmire_lamp_post01" layername="quagmire_lamp_pos" frame="1" z_index="11" m_a="1.000000" m_b="0.000000" m_c="0.000000" m_d="1.000000" m_tx="0.000000" m_ty="-136.000000"/>
  </frame>
  <frame idx="325" w="320" h="1391" x="-34.224968" y="-801.274841">
   <element name="glow" layername="glow" frame="0" z_index="8" m_a="1.176590" m_b="0.000000" m_c="0.000000" m_d="1.176590" m_tx="-4.350000" m_ty="-652.200012"/>
   <element name="quagmire_lamp_post01" layername="quagmire_lamp_pos" frame="2" z_index="9" m_a="1.000000" m_b="0.000000" m_c="0.000000" m_d="1.000000" m_tx="0.000000" m_ty="-584.299988"/>
   <element name="quagmire_lamp_post01" layername="quagmire_lamp_pos" frame="0" z_index="10" m_a="1.000000" m_b="0.000000" m_c="0.000000" m_d="1.000000" m_tx="0.000000" m_ty="0.000000"/>
   <element name="quagmire_lamp_post01" layername="quagmire_lamp_pos" frame="1" z_index="11" m_a="1.000000" m_b="0.000000" m_c="0.000000" m_d="1.000000" m_tx="0.000000" m_ty="-136.000000"/>
  </frame>
  <frame idx="350" w="321" h="1391" x="-34.224968" y="-801.274841">
   <element name="glow" layername="glow" frame="0" z_index="8" m_a="1.183113" m_b="0.000000" m_c="0.000000" m_d="1.183113" m_tx="-4.350000" m_ty="-652.200012"/>
   <element name="quagmire_lamp_post01" layername="quagmire_lamp_pos" frame="2" z_index="9" m_a="1.000000" m_b="0.000000" m_c="0.000000" m_d="1.000000" m_tx="0.000000" m_ty="-584.299988"/>
   <element name="quagmire_lamp_post01" layername="quagmire_lamp_pos" frame="0" z_index="10" m_a="1.000000" m_b="0.000000" m_c="0.000000" m_d="1.000000" m_tx="0.000000" m_ty="0.000000"/>
   <element name="quagmire_lamp_post01" layername="quagmire_lamp_pos" frame="1" z_index="11" m_a="1.000000" m_b="0.000000" m_c="0.000000" m_d="1.000000" m_tx="0.000000" m_ty="-136.000000"/>
  </frame>
  <frame idx="375" w="322" h="1391" x="-34.224968" y="-801.274841">
   <element name="glow" layername="glow" frame="0" z_index="8" m_a="1.188790" m_b="0.000000" m_c="0.000000" m_d="1.188790" m_tx="-4.350000" m_ty="-652.200012"/>
   <element name="quagmire_lamp_post01" layername="quagmire_lamp_pos" frame="2" z_index="9" m_a="1.000000" m_b="0.000000" m_c="0.000000" m_d="1.000000" m_tx="0.000000" m_ty="-584.299988"/>
   <element name="quagmire_lamp_post01" layername="quagmire_lamp_pos" frame="0" z_index="10" m_a="1.000000" m_b="0.000000" m_c="0.000000" m_d="1.000000" m_tx="0.000000" m_ty="0.000000"/>
   <element name="quagmire_lamp_post01" layername="quagmire_lamp_pos" frame="1" z_index="11" m_a="1.000000" m_b="0.000000" m_c="0.000000" m_d="1.000000" m_tx="0.000000" m_ty="-136.000000"/>
  </frame>
  <frame idx="400" w="323" h="1391" x="-34.224968" y="-801.274841">
   <element name="glow" layername="glow" frame="0" z_index="8" m_a="1.193540" m_b="0.000000" m_c="0.000000" m_d="1.193540" m_tx="-4.350000" m_ty="-652.200012"/>
   <element name="quagmire_lamp_post01" layername="quagmire_lamp_pos" frame="2" z_index="9" m_a="1.000000" m_b="0.000000" m_c="0.000000" m_d="1.000000" m_tx="0.000000" m_ty="-584.299988"/>
   <element name="quagmire_lamp_post01" layername="quagmire_lamp_pos" frame="0" z_index="10" m_a="1.000000" m_b="0.000000" m_c="0.000000" m_d="1.000000" m_tx="0.000000" m_ty="0.000000"/>
   <element name="quagmire_lamp_post01" layername="quagmire_lamp_pos" frame="1" z_index="11" m_a="1.000000" m_b="0.000000" m_c="0.000000" m_d="1.000000" m_tx="0.000000" m_ty="-136.000000"/>
  </frame>
  <frame idx="425" w="324" h="1391" x="-34.224968" y="-801.274841">
   <element name="glow" layername="glow" frame="0" z_index="8" m_a="1.196827" m_b="0.000000" m_c="0.000000" m_d="1.196827" m_tx="-4.350000" m_ty="-652.200012"/>
   <element name="quagmire_lamp_post01" layername="quagmire_lamp_pos" frame="2" z_index="9" m_a="1.000000" m_b="0.000000" m_c="0.000000" m_d="1.000000" m_tx="0.000000" m_ty="-584.299988"/>
   <element name="quagmire_lamp_post01" layername="quagmire_lamp_pos" frame="0" z_index="10" m_a="1.000000" m_b="0.000000" m_c="0.000000" m_d="1.000000" m_tx="0.000000" m_ty="0.000000"/>
   <element name="quagmire_lamp_post01" layername="quagmire_lamp_pos" frame="1" z_index="11" m_a="1.000000" m_b="0.000000" m_c="0.000000" m_d="1.000000" m_tx="0.000000" m_ty="-136.000000"/>
  </frame>
  <frame idx="450" w="326" h="1391" x="-34.724968" y="-801.274841">
   <element name="glow" layername="glow" frame="0" z_index="8" m_a="1.199314" m_b="0.000000" m_c="0.000000" m_d="1.199314" m_tx="-4.350000" m_ty="-652.200012"/>
   <element name="quagmire_lamp_post01" layername="quagmire_lamp_pos" frame="2" z_index="9" m_a="1.000000" m_b="0.000000" m_c="0.000000" m_d="1.000000" m_tx="0.000000" m_ty="-584.299988"/>
   <element name="quagmire_lamp_post01" layername="quagmire_lamp_pos" frame="0" z_index="10" m_a="1.000000" m_b="0.000000" m_c="0.000000" m_d="1.000000" m_tx="0.000000" m_ty="0.000000"/>
   <element name="quagmire_lamp_post01" layername="quagmire_lamp_pos" frame="1" z_index="11" m_a="1.000000" m_b="0.000000" m_c="0.000000" m_d="1.000000" m_tx="0.000000" m_ty="-136.000000"/>
  </frame>
  <frame idx="475" w="326" h="1391" x="-34.724968" y="-801.274841">
   <element name="glow" layername="glow" frame="0" z_index="8" m_a="1.200918" m_b="0.000000" m_c="0.000000" m_d="1.200918" m_tx="-4.337879" m_ty="-652.200012"/>
   <element name="quagmire_lamp_post01" layername="quagmire_lamp_pos" frame="2" z_index="9" m_a="1.000000" m_b="0.000000" m_c="0.000000" m_d="1.000000" m_tx="0.000000" m_ty="-584.299988"/>
   <element name="quagmire_lamp_post01" layername="quagmire_lamp_pos" frame="0" z_index="10" m_a="1.000000" m_b="0.000000" m_c="0.000000" m_d="1.000000" m_tx="0.000000" m_ty="0.000000"/>
   <element name="quagmire_lamp_post01" layername="quagmire_lamp_pos" frame="1" z_index="11" m_a="1.000000" m_b="0.000000" m_c="0.000000" m_d="1.000000" m_tx="0.000000" m_ty="-136.000000"/>
  </frame>
  <frame idx="500" w="326" h="1391" x="-34.724968" y="-801.274841">
   <element name="glow" layername="glow" frame="0" z_index="8" m_a="1.201600" m_b="0.000000" m_c="0.000000" m_d="1.201600" m_tx="-4.300000" m_ty="-652.200012"/>
   <element name="quagmire_lamp_post01" layername="quagmire_lamp_pos" frame="2" z_index="9" m_a="1.000000" m_b="0.000000" m_c="0.000000" m_d="1.000000" m_tx="0.000000" m_ty="-584.299988"/>
   <element name="quagmire_lamp_post01" layername="quagmire_lamp_pos" frame="0" z_index="10" m_a="1.000000" m_b="0.000000" m_c="0.000000" m_d="1.000000" m_tx="0.000000" m_ty="0.000000"/>
   <element name="quagmire_lamp_post01" layername="quagmire_lamp_pos" frame="1" z_index="11" m_a="1.000000" m_b="0.000000" m_c="0.000000" m_d="1.000000" m_tx="0.000000" m_ty="-136.000000"/>
  </frame>
  <frame idx="525" w="320" h="1391" x="-34.224968" y="-801.274841">
   <element name="glow" layername="glow" frame="0" z_index="8" m_a="1.179754" m_b="0.000000" m_c="0.000000" m_d="1.179754" m_tx="-4.300000" m_ty="-652.200012"/>
   <element name="quagmire_lamp_post01" layername="quagmire_lamp_pos" frame="2" z_index="9" m_a="1.000000" m_b="0.000000" m_c="0.000000" m_d="1.000000" m_tx="0.000000" m_ty="-584.299988"/>
   <element name="quagmire_lamp_post01" layername="quagmire_lamp_pos" frame="0" z_index="10" m_a="1.000000" m_b="0.000000" m_c="0.000000" m_d="1.000000" m_tx="0.000000" m_ty="0.000000"/>
   <element name="quagmire_lamp_post01" layername="quagmire_lamp_pos" frame="1" z_index="11" m_a="1.000000" m_b="0.000000" m_c="0.000000" m_d="1.000000" m_tx="0.000000" m_ty="-136.000000"/>
  </frame>
  <frame idx="550" w="315" h="1391" x="-33.724968" y="-801.274841">
   <element name="glow" layername="glow" frame="0" z_index="8" m_a="1.158654" m_b="0.000000" m_c="0.000000" m_d="1.158654" m_tx="-4.300000" m_ty="-652.224243"/>
   <element name="quagmire_lamp_post01" layername="quagmire_lamp_pos" frame="2" z_index="9" m_a="1.000000" m_b="0.000000" m_c="0.000000" m_d="1.000000" m_tx="0.000000" m_ty="-584.299988"/>
   <element name="quagmire_lamp_post01" layername="quagmire_lamp_pos" frame="0" z_index="10" m_a="1.000000" m_b="0.000000" m_c="0.000000" m_d="1.000000" m_tx="0.000000" m_ty="0.000000"/>
   <element name="quagmire_lamp_post01" layername="quagmire_lamp_pos" frame="1" z_index="11" m_a="1.000000" m_b="0.000000" m_c="0.000000" m_d="1.000000" m_tx="0.000000" m_ty="-136.000000"/>
  </frame>
  <frame idx="575" w="309" h="1391" x="-33.224968" y="-801.274841">
   <element name="glow" layername="glow" frame="0" z_index="8" m_a="1.138546" m_b="0.000000" m_c="0.000000" m_d="1.138546" m_tx="-4.312121" m_ty="-652.237854"/>
   <element name="quagmire_lamp_post01" layername="quagmire_lamp_pos" frame="2" z_index="9" m_a="1.000000" m_b="0.000000" m_c="0.000000" m_d="1.000000" m_tx="0.000000" m_ty="-584.299988"/>
   <element name="quagmire_lamp_post01" layername="quagmire_lamp_pos" frame="0" z_index="10" m_a="1.000000" m_b="0.000000" m_c="0.000000" m_d="1.000000" m_tx="0.000000" m_ty="0.000000"/>
   <element name="quagmire_lamp_post01" layername="quagmire_lamp_pos" frame="1" z_index="11" m_a="1.000000" m_b="0.000000" m_c="0.000000" m_d="1.000000" m_tx="0.000000" m_ty="-136.000000"/>
  </frame>
  <frame idx="600" w="304" h="1391" x="-32.724968" y="-801.274841">
   <element name="glow" layername="glow" frame="0" z_index="8" m_a="1.119660" m_b="0.000000" m_c="0.000000" m_d="1.119660" m_tx="-4.350000" m_ty="-652.200012"/>
   <element name="quagmire_lamp_post01" layername="quagmire_lamp_pos" frame="2" z_index="9" m_a="1.000000" m_b="0.000000" m_c="0.000000" m_d="1.000000" m_tx="0.000000" m_ty="-584.299988"/>
   <element name="quagmire_lamp_post01" layername="quagmire_lamp_pos" frame="0" z_index="10" m_a="1.000000" m_b="0.000000" m_c="0.000000" m_d="1.000000" m_tx="0.000000" m_ty="0.000000"/>
   <element name="quagmire_lamp_post01" layername="quagmire_lamp_pos" frame="1" z_index="11" m_a="1.000000" m_b="0.000000" m_c="0.000000" m_d="1.000000" m_tx="0.000000" m_ty="-136.000000"/>
  </frame>
  <frame idx="625" w="299" h="1391" x="-32.224968" y="-801.274841">
   <element name="glow" layername="glow" frame="0" z_index="8" m_a="1.103079" m_b="0.000000" m_c="0.000000" m_d="1.103079" m_tx="-4.313235" m_ty="-652.200012"/>
   <element name="quagmire_lamp_post01" layername="quagmire_lamp_pos" frame="2" z_index="9" m_a="1.000000" m_b="0.000000" m_c="0.000000" m_d="1.000000" m_tx="0.000000" m_ty="-584.299988"/>
   <element name="quagmire_lamp_post01" layername="quagmire_lamp_pos" frame="0" z_index="10" m_a="1.000000" m_b="0.000000" m_c="0.000000" m_d="1.000000" m_tx="0.000000" m_ty="0.000000"/>
   <element name="quagmire_lamp_post01" layername="quagmire_lamp_pos" frame="1" z_index="11" m_a="1.000000" m_b="0.000000" m_c="0.000000" m_d="1.000000" m_tx="0.000000" m_ty="-136.000000"/>
  </frame>
  <frame idx="650" w="296" h="1391" x="-32.224968" y="-801.274841">
   <element name="glow" layername="glow" frame="0" z_index="8" m_a="1.087321" m_b="0.000000" m_c="0.000000" m_d="1.087321" m_tx="-4.300000" m_ty="-652.200012"/>
   <element name="quagmire_lamp_post01" layername="quagmire_lamp_pos" frame="2" z_index="9" m_a="1.000000" m_b="0.000000" m_c="0.000000" m_d="1.000000" m_tx="0.000000" m_ty="-584.299988"/>
   <element name="quagmire_lamp_post01" layername="quagmire_lamp_pos" frame="0" z_index="10" m_a="1.000000" m_b="0.000000" m_c="0.000000" m_d="1.000000" m_tx="0.000000" m_ty="0.000000"/>
   <element name="quagmire_lamp_post01" layername="quagmire_lamp_pos" frame="1" z_index="11" m_a="1.000000" m_b="0.000000" m_c="0.000000" m_d="1.000000" m_tx="0.000000" m_ty="-136.000000"/>
  </frame>
  <frame idx="675" w="291" h="1391" x="-31.724968" y="-801.274841">
   <element name="glow" layername="glow" frame="0" z_index="8" m_a="1.072603" m_b="0.000000" m_c="0.000000" m_d="1.072603" m_tx="-4.287879" m_ty="-652.212158"/>
   <element name="quagmire_lamp_post01" layername="quagmire_lamp_pos" frame="2" z_index="9" m_a="1.000000" m_b="0.000000" m_c="0.000000" m_d="1.000000" m_tx="0.000000" m_ty="-584.299988"/>
   <element name="quagmire_lamp_post01" layername="quagmire_lamp_pos" frame="0" z_index="10" m_a="1.000000" m_b="0.000000" m_c="0.000000" m_d="1.000000" m_tx="0.000000" m_ty="0.000000"/>
   <element name="quagmire_lamp_post01" layername="quagmire_lamp_pos" frame="1" z_index="11" m_a="1.000000" m_b="0.000000" m_c="0.000000" m_d="1.000000" m_tx="0.000000" m_ty="-136.000000"/>
  </frame>
  <frame idx="700" w="287" h="1391" x="-31.224968" y="-801.274841">
   <element name="glow" layername="glow" frame="0" z_index="8" m_a="1.059110" m_b="0.000000" m_c="0.000000" m_d="1.059110" m_tx="-4.250000" m_ty="-652.250000"/>
   <element name="quagmire_lamp_post01" layername="quagmire_lamp_pos" frame="2" z_index="9" m_a="1.000000" m_b="0.000000" m_c="0.000000" m_d="1.000000" m_tx="0.000000" m_ty="-584.299988"/>
   <element name="quagmire_lamp_post01" layername="quagmire_lamp_pos" frame="0" z_index="10" m_a="1.000000" m_b="0.000000" m_c="0.000000" m_d="1.000000" m_tx="0.000000" m_ty="0.000000"/>
   <element name="quagmire_lamp_post01" layername="quagmire_lamp_pos" frame="1" z_index="11" m_a="1.000000" m_b="0.000000" m_c="0.000000" m_d="1.000000" m_tx="0.000000" m_ty="-136.000000"/>
  </frame>
  <frame idx="725" w="285" h="1391" x="-31.224968" y="-801.274841">
   <element name="glow" layername="glow" frame="0" z_index="8" m_a="1.047772" m_b="0.000000" m_c="0.000000" m_d="1.047772" m_tx="-4.250000" m_ty="-652.213257"/>
   <element name="quagmire_lamp_post01" layername="quagmire_lamp_pos" frame="2" z_index="9" m_a="1.000000" m_b="0.000000" m_c="0.000000" m_d="1.000000" m_tx="0.000000" m_ty="-584.299988"/>
   <element name="quagmire_lamp_post01" layername="quagmire_lamp_pos" frame="0" z_index="10" m_a="1.000000" m_b="0.000000" m_c="0.000000" m_d="1.000000" m_tx="0.000000" m_ty="0.000000"/>
   <element name="quagmire_lamp_post01" layername="quagmire_lamp_pos" frame="1" z_index="11" m_a="1.000000" m_b="0.000000" m_c="0.000000" m_d="1.000000" m_tx="0.000000" m_ty="-136.000000"/>
  </frame>
  <frame idx="750" w="282" h="1391" x="-30.724968" y="-801.274841">
   <element name="glow" layername="glow" frame="0" z_index="8" m_a="1.037353" m_b="0.000000" m_c="0.000000" m_d="1.037353" m_tx="-4.250000" m_ty="-652.200012"/>
   <element name="quagmire_lamp_post01" layername="quagmire_lamp_pos" frame="2" z_index="9" m_a="1.000000" m_b="0.000000" m_c="0.000000" m_d="1.000000" m_tx="0.000000" m_ty="-584.299988"/>
   <element name="quagmire_lamp_post01" layername="quagmire_lamp_pos" frame="0" z_index="10" m_a="1.000000" m_b="0.000000" m_c="0.000000" m_d="1.000000" m_tx="0.000000" m_ty="0.000000"/>
   <element name="quagmire_lamp_post01" layername="quagmire_lamp_pos" frame="1" z_index="11" m_a="1.000000" m_b="0.000000" m_c="0.000000" m_d="1.000000" m_tx="0.000000" m_ty="-136.000000"/>
  </frame>
  <frame idx="775" w="280" h="1391" x="-30.724968" y="-801.274841">
   <element name="glow" layername="glow" frame="0" z_index="8" m_a="1.028031" m_b="0.000000" m_c="0.000000" m_d="1.028031" m_tx="-4.250000" m_ty="-652.212158"/>
   <element name="quagmire_lamp_post01" layername="quagmire_lamp_pos" frame="2" z_index="9" m_a="1.000000" m_b="0.000000" m_c="0.000000" m_d="1.000000" m_tx="0.000000" m_ty="-584.299988"/>
   <element name="quagmire_lamp_post01" layername="quagmire_lamp_pos" frame="0" z_index="10" m_a="1.000000" m_b="0.000000" m_c="0.000000" m_d="1.000000" m_tx="0.000000" m_ty="0.000000"/>
   <element name="quagmire_lamp_post01" layername="quagmire_lamp_pos" frame="1" z_index="11" m_a="1.000000" m_b="0.000000" m_c="0.000000" m_d="1.000000" m_tx="0.000000" m_ty="-136.000000"/>
  </frame>
  <frame idx="800" w="278" h="1391" x="-30.724968" y="-801.274841">
   <element name="glow" layername="glow" frame="0" z_index="8" m_a="1.019940" m_b="0.000000" m_c="0.000000" m_d="1.019940" m_tx="-4.250000" m_ty="-652.250000"/>
   <element name="quagmire_lamp_post01" layername="quagmire_lamp_pos" frame="2" z_index="9" m_a="1.000000" m_b="0.000000" m_c="0.000000" m_d="1.000000" m_tx="0.000000" m_ty="-584.299988"/>
   <element name="quagmire_lamp_post01" layername="quagmire_lamp_pos" frame="0" z_index="10" m_a="1.000000" m_b="0.000000" m_c="0.000000" m_d="1.000000" m_tx="0.000000" m_ty="0.000000"/>
   <element name="quagmire_lamp_post01" layername="quagmire_lamp_pos" frame="1" z_index="11" m_a="1.000000" m_b="0.000000" m_c="0.000000" m_d="1.000000" m_tx="0.000000" m_ty="-136.000000"/>
  </frame>
  <frame idx="825" w="275" h="1391" x="-30.224968" y="-801.274841">
   <element name="glow" layername="glow" frame="0" z_index="8" m_a="1.013830" m_b="0.000000" m_c="0.000000" m_d="1.013830" m_tx="-4.286765" m_ty="-652.213257"/>
   <element name="quagmire_lamp_post01" layername="quagmire_lamp_pos" frame="2" z_index="9" m_a="1.000000" m_b="0.000000" m_c="0.000000" m_d="1.000000" m_tx="0.000000" m_ty="-584.299988"/>
   <element name="quagmire_lamp_post01" layername="quagmire_lamp_pos" frame="0" z_index="10" m_a="1.000000" m_b="0.000000" m_c="0.000000" m_d="1.000000" m_tx="0.000000" m_ty="0.000000"/>
   <element name="quagmire_lamp_post01" layername="quagmire_lamp_pos" frame="1" z_index="11" m_a="1.000000" m_b="0.000000" m_c="0.000000" m_d="1.000000" m_tx="0.000000" m_ty="-136.000000"/>
  </frame>
  <frame idx="850" w="274" h="1391" x="-30.224968" y="-801.274841">
   <element name="glow" layername="glow" frame="0" z_index="8" m_a="1.008760" m_b="0.000000" m_c="0.000000" m_d="1.008760" m_tx="-4.275758" m_ty="-652.200012"/>
   <element name="quagmire_lamp_post01" layername="quagmire_lamp_pos" frame="2" z_index="9" m_a="1.000000" m_b="0.000000" m_c="0.000000" m_d="1.000000" m_tx="0.000000" m_ty="-584.299988"/>
   <element name="quagmire_lamp_post01" layername="quagmire_lamp_pos" frame="0" z_index="10" m_a="1.000000" m_b="0.000000" m_c="0.000000" m_d="1.000000" m_tx="0.000000" m_ty="0.000000"/>
   <element name="quagmire_lamp_post01" layername="quagmire_lamp_pos" frame="1" z_index="11" m_a="1.000000" m_b="0.000000" m_c="0.000000" m_d="1.000000" m_tx="0.000000" m_ty="-136.000000"/>
  </frame>
  <frame idx="875" w="273" h="1391" x="-30.224968" y="-801.274841">
   <element name="glow" layername="glow" frame="0" z_index="8" m_a="1.004847" m_b="0.000000" m_c="0.000000" m_d="1.004847" m_tx="-4.250000" m_ty="-652.200012"/>
   <element name="quagmire_lamp_post01" layername="quagmire_lamp_pos" frame="2" z_index="9" m_a="1.000000" m_b="0.000000" m_c="0.000000" m_d="1.000000" m_tx="0.000000" m_ty="-584.299988"/>
   <element name="quagmire_lamp_post01" layername="quagmire_lamp_pos" frame="0" z_index="10" m_a="1.000000" m_b="0.000000" m_c="0.000000" m_d="1.000000" m_tx="0.000000" m_ty="0.000000"/>
   <element name="quagmire_lamp_post01" layername="quagmire_lamp_pos" frame="1" z_index="11" m_a="1.000000" m_b="0.000000" m_c="0.000000" m_d="1.000000" m_tx="0.000000" m_ty="-136.000000"/>
  </frame>
  <frame idx="900" w="273" h="1391" x="-30.224968" y="-801.274841">
   <element name="glow" layername="glow" frame="0" z_index="8" m_a="1.002150" m_b="0.000000" m_c="0.000000" m_d="1.002150" m_tx="-4.250000" m_ty="-652.200012"/>
   <element name="quagmire_lamp_post01" layername="quagmire_lamp_pos" frame="2" z_index="9" m_a="1.000000" m_b="0.000000" m_c="0.000000" m_d="1.000000" m_tx="0.000000" m_ty="-584.299988"/>
   <element name="quagmire_lamp_post01" layername="quagmire_lamp_pos" frame="0" z_index="10" m_a="1.000000" m_b="0.000000" m_c="0.000000" m_d="1.000000" m_tx="0.000000" m_ty="0.000000"/>
   <element name="quagmire_lamp_post01" layername="quagmire_lamp_pos" frame="1" z_index="11" m_a="1.000000" m_b="0.000000" m_c="0.000000" m_d="1.000000" m_tx="0.000000" m_ty="-136.000000"/>
  </frame>
  <frame idx="925" w="273" h="1391" x="-30.224968" y="-801.274841">
   <element name="glow" layername="glow" frame="0" z_index="8" m_a="1.001290" m_b="0.000000" m_c="0.000000" m_d="1.001290" m_tx="-4.250000" m_ty="-652.200012"/>
   <element name="quagmire_lamp_post01" layername="quagmire_lamp_pos" frame="2" z_index="9" m_a="1.000000" m_b="0.000000" m_c="0.000000" m_d="1.000000" m_tx="0.000000" m_ty="-584.299988"/>
   <element name="quagmire_lamp_post01" layername="quagmire_lamp_pos" frame="0" z_index="10" m_a="1.000000" m_b="0.000000" m_c="0.000000" m_d="1.000000" m_tx="0.000000" m_ty="0.000000"/>
   <element name="quagmire_lamp_post01" layername="quagmire_lamp_pos" frame="1" z_index="11" m_a="1.000000" m_b="0.000000" m_c="0.000000" m_d="1.000000" m_tx="0.000000" m_ty="-136.000000"/>
  </frame>
 </anim>
 <anim name="idle_off" root="baka_lamp_post" numframes="950" framerate="40">
  <frame idx="0" w="256" h="1391" x="-28.724968" y="-801.274841">
   <element name="quagmire_lamp_post01" layername="quagmire_lamp_pos" frame="2" z_index="9" m_a="1.000000" m_b="0.000000" m_c="0.000000" m_d="1.000000" m_tx="0.000000" m_ty="-584.299988"/>
   <element name="quagmire_lamp_post01" layername="quagmire_lamp_pos" frame="0" z_index="10" m_a="1.000000" m_b="0.000000" m_c="0.000000" m_d="1.000000" m_tx="0.000000" m_ty="0.000000"/>
   <element name="quagmire_lamp_post01" layername="quagmire_lamp_pos" frame="1" z_index="11" m_a="1.000000" m_b="0.000000" m_c="0.000000" m_d="1.000000" m_tx="0.000000" m_ty="-136.000000"/>
  </frame>
  <frame idx="25" w="256" h="1391" x="-28.724968" y="-801.274841">
   <element name="quagmire_lamp_post01" layername="quagmire_lamp_pos" frame="2" z_index="9" m_a="1.000000" m_b="0.000000" m_c="0.000000" m_d="1.000000" m_tx="0.000000" m_ty="-584.299988"/>
   <element name="quagmire_lamp_post01" layername="quagmire_lamp_pos" frame="0" z_index="10" m_a="1.000000" m_b="0.000000" m_c="0.000000" m_d="1.000000" m_tx="0.000000" m_ty="0.000000"/>
   <element name="quagmire_lamp_post01" layername="quagmire_lamp_pos" frame="1" z_index="11" m_a="1.000000" m_b="0.000000" m_c="0.000000" m_d="1.000000" m_tx="0.000000" m_ty="-136.000000"/>
  </frame>
  <frame idx="50" w="256" h="1391" x="-28.724968" y="-801.274841">
   <element name="quagmire_lamp_post01" layername="quagmire_lamp_pos" frame="2" z_index="9" m_a="1.000000" m_b="0.000000" m_c="0.000000" m_d="1.000000" m_tx="0.000000" m_ty="-584.299988"/>
   <element name="quagmire_lamp_post01" layername="quagmire_lamp_pos" frame="0" z_index="10" m_a="1.000000" m_b="0.000000" m_c="0.000000" m_d="1.000000" m_tx="0.000000" m_ty="0.000000"/>
   <element name="quagmire_lamp_post01" layername="quagmire_lamp_pos" frame="1" z_index="11" m_a="1.000000" m_b="0.000000" m_c="0.000000" m_d="1.000000" m_tx="0.000000" m_ty="-136.000000"/>
  </frame>
  <frame idx="75" w="256" h="1391" x="-28.724968" y="-801.274841">
   <element name="quagmire_lamp_post01" layername="quagmire_lamp_pos" frame="2" z_index="9" m_a="1.000000" m_b="0.000000" m_c="0.000000" m_d="1.000000" m_tx="0.000000" m_ty="-584.299988"/>
   <element name="quagmire_lamp_post01" layername="quagmire_lamp_pos" frame="0" z_index="10" m_a="1.000000" m_b="0.000000" m_c="0.000000" m_d="1.000000" m_tx="0.000000" m_ty="0.000000"/>
   <element name="quagmire_lamp_post01" layername="quagmire_lamp_pos" frame="1" z_index="11" m_a="1.000000" m_b="0.000000" m_c="0.000000" m_d="1.000000" m_tx="0.000000" m_ty="-136.000000"/>
  </frame>
  <frame idx="100" w="256" h="1391" x="-28.724968" y="-801.274841">
   <element name="quagmire_lamp_post01" layername="quagmire_lamp_pos" frame="2" z_index="9" m_a="1.000000" m_b="0.000000" m_c="0.000000" m_d="1.000000" m_tx="0.000000" m_ty="-584.299988"/>
   <element name="quagmire_lamp_post01" layername="quagmire_lamp_pos" frame="0" z_index="10" m_a="1.000000" m_b="0.000000" m_c="0.000000" m_d="1.000000" m_tx="0.000000" m_ty="0.000000"/>
   <element name="quagmire_lamp_post01" layername="quagmire_lamp_pos" frame="1" z_index="11" m_a="1.000000" m_b="0.000000" m_c="0.000000" m_d="1.000000" m_tx="0.000000" m_ty="-136.000000"/>
  </frame>
  <frame idx="125" w="256" h="1391" x="-28.724968" y="-801.274841">
   <element name="quagmire_lamp_post01" layername="quagmire_lamp_pos" frame="2" z_index="9" m_a="1.000000" m_b="0.000000" m_c="0.000000" m_d="1.000000" m_tx="0.000000" m_ty="-584.299988"/>
   <element name="quagmire_lamp_post01" layername="quagmire_lamp_pos" frame="0" z_index="10" m_a="1.000000" m_b="0.000000" m_c="0.000000" m_d="1.000000" m_tx="0.000000" m_ty="0.000000"/>
   <element name="quagmire_lamp_post01" layername="quagmire_lamp_pos" frame="1" z_index="11" m_a="1.000000" m_b="0.000000" m_c="0.000000" m_d="1.000000" m_tx="0.000000" m_ty="-136.000000"/>
  </frame>
  <frame idx="150" w="256" h="1391" x="-28.724968" y="-801.274841">
   <element name="quagmire_lamp_post01" layername="quagmire_lamp_pos" frame="2" z_index="9" m_a="1.000000" m_b="0.000000" m_c="0.000000" m_d="1.000000" m_tx="0.000000" m_ty="-584.299988"/>
   <element name="quagmire_lamp_post01" layername="quagmire_lamp_pos" frame="0" z_index="10" m_a="1.000000" m_b="0.000000" m_c="0.000000" m_d="1.000000" m_tx="0.000000" m_ty="0.000000"/>
   <element name="quagmire_lamp_post01" layername="quagmire_lamp_pos" frame="1" z_index="11" m_a="1.000000" m_b="0.000000" m_c="0.000000" m_d="1.000000" m_tx="0.000000" m_ty="-136.000000"/>
  </frame>
  <frame idx="175" w="256" h="1391" x="-28.724968" y="-801.274841">
   <element name="quagmire_lamp_post01" layername="quagmire_lamp_pos" frame="2" z_index="9" m_a="1.000000" m_b="0.000000" m_c="0.000000" m_d="1.000000" m_tx="0.000000" m_ty="-584.299988"/>
   <element name="quagmire_lamp_post01" layername="quagmire_lamp_pos" frame="0" z_index="10" m_a="1.000000" m_b="0.000000" m_c="0.000000" m_d="1.000000" m_tx="0.000000" m_ty="0.000000"/>
   <element name="quagmire_lamp_post01" layername="quagmire_lamp_pos" frame="1" z_index="11" m_a="1.000000" m_b="0.000000" m_c="0.000000" m_d="1.000000" m_tx="0.000000" m_ty="-136.000000"/>
  </frame>
  <frame idx="200" w="256" h="1391" x="-28.724968" y="-801.274841">
   <element name="quagmire_lamp_post01" layername="quagmire_lamp_pos" frame="2" z_index="9" m_a="1.000000" m_b="0.000000" m_c="0.000000" m_d="1.000000" m_tx="0.000000" m_ty="-584.299988"/>
   <element name="quagmire_lamp_post01" layername="quagmire_lamp_pos" frame="0" z_index="10" m_a="1.000000" m_b="0.000000" m_c="0.000000" m_d="1.000000" m_tx="0.000000" m_ty="0.000000"/>
   <element name="quagmire_lamp_post01" layername="quagmire_lamp_pos" frame="1" z_index="11" m_a="1.000000" m_b="0.000000" m_c="0.000000" m_d="1.000000" m_tx="0.000000" m_ty="-136.000000"/>
  </frame>
  <frame idx="225" w="256" h="1391" x="-28.724968" y="-801.274841">
   <element name="quagmire_lamp_post01" layername="quagmire_lamp_pos" frame="2" z_index="9" m_a="1.000000" m_b="0.000000" m_c="0.000000" m_d="1.000000" m_tx="0.000000" m_ty="-584.299988"/>
   <element name="quagmire_lamp_post01" layername="quagmire_lamp_pos" frame="0" z_index="10" m_a="1.000000" m_b="0.000000" m_c="0.000000" m_d="1.000000" m_tx="0.000000" m_ty="0.000000"/>
   <element name="quagmire_lamp_post01" layername="quagmire_lamp_pos" frame="1" z_index="11" m_a="1.000000" m_b="0.000000" m_c="0.000000" m_d="1.000000" m_tx="0.000000" m_ty="-136.000000"/>
  </frame>
  <frame idx="250" w="256" h="1391" x="-28.724968" y="-801.274841">
   <element name="quagmire_lamp_post01" layername="quagmire_lamp_pos" frame="2" z_index="9" m_a="1.000000" m_b="0.000000" m_c="0.000000" m_d="1.000000" m_tx="0.000000" m_ty="-584.299988"/>
   <element name="quagmire_lamp_post01" layername="quagmire_lamp_pos" frame="0" z_index="10" m_a="1.000000" m_b="0.000000" m_c="0.000000" m_d="1.000000" m_tx="0.000000" m_ty="0.000000"/>
   <element name="quagmire_lamp_post01" layername="quagmire_lamp_pos" frame="1" z_index="11" m_a="1.000000" m_b="0.000000" m_c="0.000000" m_d="1.000000" m_tx="0.000000" m_ty="-136.000000"/>
  </frame>
  <frame idx="275" w="256" h="1391" x="-28.724968" y="-801.274841">
   <element name="quagmire_lamp_post01" layername="quagmire_lamp_pos" frame="2" z_index="9" m_a="1.000000" m_b="0.000000" m_c="0.000000" m_d="1.000000" m_tx="0.000000" m_ty="-584.299988"/>
   <element name="quagmire_lamp_post01" layername="quagmire_lamp_pos" frame="0" z_index="10" m_a="1.000000" m_b="0.000000" m_c="0.000000" m_d="1.000000" m_tx="0.000000" m_ty="0.000000"/>
   <element name="quagmire_lamp_post01" layername="quagmire_lamp_pos" frame="1" z_index="11" m_a="1.000000" m_b="0.000000" m_c="0.000000" m_d="1.000000" m_tx="0.000000" m_ty="-136.000000"/>
  </frame>
  <frame idx="300" w="256" h="1391" x="-28.724968" y="-801.274841">
   <element name="quagmire_lamp_post01" layername="quagmire_lamp_pos" frame="2" z_index="9" m_a="1.000000" m_b="0.000000" m_c="0.000000" m_d="1.000000" m_tx="0.000000" m_ty="-584.299988"/>
   <element name="quagmire_lamp_post01" layername="quagmire_lamp_pos" frame="0" z_index="10" m_a="1.000000" m_b="0.000000" m_c="0.000000" m_d="1.000000" m_tx="0.000000" m_ty="0.000000"/>
   <element name="quagmire_lamp_post01" layername="quagmire_lamp_pos" frame="1" z_index="11" m_a="1.000000" m_b="0.000000" m_c="0.000000" m_d="1.000000" m_tx="0.000000" m_ty="-136.000000"/>
  </frame>
  <frame idx="325" w="256" h="1391" x="-28.724968" y="-801.274841">
   <element name="quagmire_lamp_post01" layername="quagmire_lamp_pos" frame="2" z_index="9" m_a="1.000000" m_b="0.000000" m_c="0.000000" m_d="1.000000" m_tx="0.000000" m_ty="-584.299988"/>
   <element name="quagmire_lamp_post01" layername="quagmire_lamp_pos" frame="0" z_index="10" m_a="1.000000" m_b="0.000000" m_c="0.000000" m_d="1.000000" m_tx="0.000000" m_ty="0.000000"/>
   <element name="quagmire_lamp_post01" layername="quagmire_lamp_pos" frame="1" z_index="11" m_a="1.000000" m_b="0.000000" m_c="0.000000" m_d="1.000000" m_tx="0.000000" m_ty="-136.000000"/>
  </frame>
  <frame idx="350" w="256" h="1391" x="-28.724968" y="-801.274841">
   <element name="quagmire_lamp_post01" layername="quagmire_lamp_pos" frame="2" z_index="9" m_a="1.000000" m_b="0.000000" m_c="0.000000" m_d="1.000000" m_tx="0.000000" m_ty="-584.299988"/>
   <element name="quagmire_lamp_post01" layername="quagmire_lamp_pos" frame="0" z_index="10" m_a="1.000000" m_b="0.000000" m_c="0.000000" m_d="1.000000" m_tx="0.000000" m_ty="0.000000"/>
   <element name="quagmire_lamp_post01" layername="quagmire_lamp_pos" frame="1" z_index="11" m_a="1.000000" m_b="0.000000" m_c="0.000000" m_d="1.000000" m_tx="0.000000" m_ty="-136.000000"/>
  </frame>
  <frame idx="375" w="256" h="1391" x="-28.724968" y="-801.274841">
   <element name="quagmire_lamp_post01" layername="quagmire_lamp_pos" frame="2" z_index="9" m_a="1.000000" m_b="0.000000" m_c="0.000000" m_d="1.000000" m_tx="0.000000" m_ty="-584.299988"/>
   <element name="quagmire_lamp_post01" layername="quagmire_lamp_pos" frame="0" z_index="10" m_a="1.000000" m_b="0.000000" m_c="0.000000" m_d="1.000000" m_tx="0.000000" m_ty="0.000000"/>
   <element name="quagmire_lamp_post01" layername="quagmire_lamp_pos" frame="1" z_index="11" m_a="1.000000" m_b="0.000000" m_c="0.000000" m_d="1.000000" m_tx="0.000000" m_ty="-136.000000"/>
  </frame>
  <frame idx="400" w="256" h="1391" x="-28.724968" y="-801.274841">
   <element name="quagmire_lamp_post01" layername="quagmire_lamp_pos" frame="2" z_index="9" m_a="1.000000" m_b="0.000000" m_c="0.000000" m_d="1.000000" m_tx="0.000000" m_ty="-584.299988"/>
   <element name="quagmire_lamp_post01" layername="quagmire_lamp_pos" frame="0" z_index="10" m_a="1.000000" m_b="0.000000" m_c="0.000000" m_d="1.000000" m_tx="0.000000" m_ty="0.000000"/>
   <element name="quagmire_lamp_post01" layername="quagmire_lamp_pos" frame="1" z_index="11" m_a="1.000000" m_b="0.000000" m_c="0.000000" m_d="1.000000" m_tx="0.000000" m_ty="-136.000000"/>
  </frame>
  <frame idx="425" w="256" h="1391" x="-28.724968" y="-801.274841">
   <element name="quagmire_lamp_post01" layername="quagmire_lamp_pos" frame="2" z_index="9" m_a="1.000000" m_b="0.000000" m_c="0.000000" m_d="1.000000" m_tx="0.000000" m_ty="-584.299988"/>
   <element name="quagmire_lamp_post01" layername="quagmire_lamp_pos" frame="0" z_index="10" m_a="1.000000" m_b="0.000000" m_c="0.000000" m_d="1.000000" m_tx="0.000000" m_ty="0.000000"/>
   <element name="quagmire_lamp_post01" layername="quagmire_lamp_pos" frame="1" z_index="11" m_a="1.000000" m_b="0.000000" m_c="0.000000" m_d="1.000000" m_tx="0.000000" m_ty="-136.000000"/>
  </frame>
  <frame idx="450" w="256" h="1391" x="-28.724968" y="-801.274841">
   <element name="quagmire_lamp_post01" layername="quagmire_lamp_pos" frame="2" z_index="9" m_a="1.000000" m_b="0.000000" m_c="0.000000" m_d="1.000000" m_tx="0.000000" m_ty="-584.299988"/>
   <element name="quagmire_lamp_post01" layername="quagmire_lamp_pos" frame="0" z_index="10" m_a="1.000000" m_b="0.000000" m_c="0.000000" m_d="1.000000" m_tx="0.000000" m_ty="0.000000"/>
   <element name="quagmire_lamp_post01" layername="quagmire_lamp_pos" frame="1" z_index="11" m_a="1.000000" m_b="0.000000" m_c="0.000000" m_d="1.000000" m_tx="0.000000" m_ty="-136.000000"/>
  </frame>
  <frame idx="475" w="256" h="1391" x="-28.724968" y="-801.274841">
   <element name="quagmire_lamp_post01" layername="quagmire_lamp_pos" frame="2" z_index="9" m_a="1.000000" m_b="0.000000" m_c="0.000000" m_d="1.000000" m_tx="0.000000" m_ty="-584.299988"/>
   <element name="quagmire_lamp_post01" layername="quagmire_lamp_pos" frame="0" z_index="10" m_a="1.000000" m_b="0.000000" m_c="0.000000" m_d="1.000000" m_tx="0.000000" m_ty="0.000000"/>
   <element name="quagmire_lamp_post01" layername="quagmire_lamp_pos" frame="1" z_index="11" m_a="1.000000" m_b="0.000000" m_c="0.000000" m_d="1.000000" m_tx="0.000000" m_ty="-136.000000"/>
  </frame>
  <frame idx="500" w="256" h="1391" x="-28.724968" y="-801.274841">
   <element name="quagmire_lamp_post01" layername="quagmire_lamp_pos" frame="2" z_index="9" m_a="1.000000" m_b="0.000000" m_c="0.000000" m_d="1.000000" m_tx="0.000000" m_ty="-584.299988"/>
   <element name="quagmire_lamp_post01" layername="quagmire_lamp_pos" frame="0" z_index="10" m_a="1.000000" m_b="0.000000" m_c="0.000000" m_d="1.000000" m_tx="0.000000" m_ty="0.000000"/>
   <element name="quagmire_lamp_post01" layername="quagmire_lamp_pos" frame="1" z_index="11" m_a="1.000000" m_b="0.000000" m_c="0.000000" m_d="1.000000" m_tx="0.000000" m_ty="-136.000000"/>
  </frame>
  <frame idx="525" w="256" h="1391" x="-28.724968" y="-801.274841">
   <element name="quagmire_lamp_post01" layername="quagmire_lamp_pos" frame="2" z_index="9" m_a="1.000000" m_b="0.000000" m_c="0.000000" m_d="1.000000" m_tx="0.000000" m_ty="-584.299988"/>
   <element name="quagmire_lamp_post01" layername="quagmire_lamp_pos" frame="0" z_index="10" m_a="1.000000" m_b="0.000000" m_c="0.000000" m_d="1.000000" m_tx="0.000000" m_ty="0.000000"/>
   <element name="quagmire_lamp_post01" layername="quagmire_lamp_pos" frame="1" z_index="11" m_a="1.000000" m_b="0.000000" m_c="0.000000" m_d="1.000000" m_tx="0.000000" m_ty="-136.000000"/>
  </frame>
  <frame idx="550" w="256" h="1391" x="-28.724968" y="-801.274841">
   <element name="quagmire_lamp_post01" layername="quagmire_lamp_pos" frame="2" z_index="9" m_a="1.000000" m_b="0.000000" m_c="0.000000" m_d="1.000000" m_tx="0.000000" m_ty="-584.299988"/>
   <element name="quagmire_lamp_post01" layername="quagmire_lamp_pos" frame="0" z_index="10" m_a="1.000000" m_b="0.000000" m_c="0.000000" m_d="1.000000" m_tx="0.000000" m_ty="0.000000"/>
   <element name="quagmire_lamp_post01" layername="quagmire_lamp_pos" frame="1" z_index="11" m_a="1.000000" m_b="0.000000" m_c="0.000000" m_d="1.000000" m_tx="0.000000" m_ty="-136.000000"/>
  </frame>
  <frame idx="575" w="256" h="1391" x="-28.724968" y="-801.274841">
   <element name="quagmire_lamp_post01" layername="quagmire_lamp_pos" frame="2" z_index="9" m_a="1.000000" m_b="0.000000" m_c="0.000000" m_d="1.000000" m_tx="0.000000" m_ty="-584.299988"/>
   <element name="quagmire_lamp_post01" layername="quagmire_lamp_pos" frame="0" z_index="10" m_a="1.000000" m_b="0.000000" m_c="0.000000" m_d="1.000000" m_tx="0.000000" m_ty="0.000000"/>
   <element name="quagmire_lamp_post01" layername="quagmire_lamp_pos" frame="1" z_index="11" m_a="1.000000" m_b="0.000000" m_c="0.000000" m_d="1.000000" m_tx="0.000000" m_ty="-136.000000"/>
  </frame>
  <frame idx="600" w="256" h="1391" x="-28.724968" y="-801.274841">
   <element name="quagmire_lamp_post01" layername="quagmire_lamp_pos" frame="2" z_index="9" m_a="1.000000" m_b="0.000000" m_c="0.000000" m_d="1.000000" m_tx="0.000000" m_ty="-584.299988"/>
   <element name="quagmire_lamp_post01" layername="quagmire_lamp_pos" frame="0" z_index="10" m_a="1.000000" m_b="0.000000" m_c="0.000000" m_d="1.000000" m_tx="0.000000" m_ty="0.000000"/>
   <element name="quagmire_lamp_post01" layername="quagmire_lamp_pos" frame="1" z_index="11" m_a="1.000000" m_b="0.000000" m_c="0.000000" m_d="1.000000" m_tx="0.000000" m_ty="-136.000000"/>
  </frame>
  <frame idx="625" w="256" h="1391" x="-28.724968" y="-801.274841">
   <element name="quagmire_lamp_post01" layername="quagmire_lamp_pos" frame="2" z_index="9" m_a="1.000000" m_b="0.000000" m_c="0.000000" m_d="1.000000" m_tx="0.000000" m_ty="-584.299988"/>
   <element name="quagmire_lamp_post01" layername="quagmire_lamp_pos" frame="0" z_index="10" m_a="1.000000" m_b="0.000000" m_c="0.000000" m_d="1.000000" m_tx="0.000000" m_ty="0.000000"/>
   <element name="quagmire_lamp_post01" layername="quagmire_lamp_pos" frame="1" z_index="11" m_a="1.000000" m_b="0.000000" m_c="0.000000" m_d="1.000000" m_tx="0.000000" m_ty="-136.000000"/>
  </frame>
  <frame idx="650" w="256" h="1391" x="-28.724968" y="-801.274841">
   <element name="quagmire_lamp_post01" layername="quagmire_lamp_pos" frame="2" z_index="9" m_a="1.000000" m_b="0.000000" m_c="0.000000" m_d="1.000000" m_tx="0.000000" m_ty="-584.299988"/>
   <element name="quagmire_lamp_post01" layername="quagmire_lamp_pos" frame="0" z_index="10" m_a="1.000000" m_b="0.000000" m_c="0.000000" m_d="1.000000" m_tx="0.000000" m_ty="0.000000"/>
   <element name="quagmire_lamp_post01" layername="quagmire_lamp_pos" frame="1" z_index="11" m_a="1.000000" m_b="0.000000" m_c="0.000000" m_d="1.000000" m_tx="0.000000" m_ty="-136.000000"/>
  </frame>
  <frame idx="675" w="256" h="1391" x="-28.724968" y="-801.274841">
   <element name="quagmire_lamp_post01" layername="quagmire_lamp_pos" frame="2" z_index="9" m_a="1.000000" m_b="0.000000" m_c="0.000000" m_d="1.000000" m_tx="0.000000" m_ty="-584.299988"/>
   <element name="quagmire_lamp_post01" layername="quagmire_lamp_pos" frame="0" z_index="10" m_a="1.000000" m_b="0.000000" m_c="0.000000" m_d="1.000000" m_tx="0.000000" m_ty="0.000000"/>
   <element name="quagmire_lamp_post01" layername="quagmire_lamp_pos" frame="1" z_index="11" m_a="1.000000" m_b="0.000000" m_c="0.000000" m_d="1.000000" m_tx="0.000000" m_ty="-136.000000"/>
  </frame>
  <frame idx="700" w="256" h="1391" x="-28.724968" y="-801.274841">
   <element name="quagmire_lamp_post01" layername="quagmire_lamp_pos" frame="2" z_index="9" m_a="1.000000" m_b="0.000000" m_c="0.000000" m_d="1.000000" m_tx="0.000000" m_ty="-584.299988"/>
   <element name="quagmire_lamp_post01" layername="quagmire_lamp_pos" frame="0" z_index="10" m_a="1.000000" m_b="0.000000" m_c="0.000000" m_d="1.000000" m_tx="0.000000" m_ty="0.000000"/>
   <element name="quagmire_lamp_post01" layername="quagmire_lamp_pos" frame="1" z_index="11" m_a="1.000000" m_b="0.000000" m_c="0.000000" m_d="1.000000" m_tx="0.000000" m_ty="-136.000000"/>
  </frame>
  <frame idx="725" w="256" h="1391" x="-28.724968" y="-801.274841">
   <element name="quagmire_lamp_post01" layername="quagmire_lamp_pos" frame="2" z_index="9" m_a="1.000000" m_b="0.000000" m_c="0.000000" m_d="1.000000" m_tx="0.000000" m_ty="-584.299988"/>
   <element name="quagmire_lamp_post01" layername="quagmire_lamp_pos" frame="0" z_index="10" m_a="1.000000" m_b="0.000000" m_c="0.000000" m_d="1.000000" m_tx="0.000000" m_ty="0.000000"/>
   <element name="quagmire_lamp_post01" layername="quagmire_lamp_pos" frame="1" z_index="11" m_a="1.000000" m_b="0.000000" m_c="0.000000" m_d="1.000000" m_tx="0.000000" m_ty="-136.000000"/>
  </frame>
  <frame idx="750" w="256" h="1391" x="-28.724968" y="-801.274841">
   <element name="quagmire_lamp_post01" layername="quagmire_lamp_pos" frame="2" z_index="9" m_a="1.000000" m_b="0.000000" m_c="0.000000" m_d="1.000000" m_tx="0.000000" m_ty="-584.299988"/>
   <element name="quagmire_lamp_post01" layername="quagmire_lamp_pos" frame="0" z_index="10" m_a="1.000000" m_b="0.000000" m_c="0.000000" m_d="1.000000" m_tx="0.000000" m_ty="0.000000"/>
   <element name="quagmire_lamp_post01" layername="quagmire_lamp_pos" frame="1" z_index="11" m_a="1.000000" m_b="0.000000" m_c="0.000000" m_d="1.000000" m_tx="0.000000" m_ty="-136.000000"/>
  </frame>
  <frame idx="775" w="256" h="1391" x="-28.724968" y="-801.274841">
   <element name="quagmire_lamp_post01" layername="quagmire_lamp_pos" frame="2" z_index="9" m_a="1.000000" m_b="0.000000" m_c="0.000000" m_d="1.000000" m_tx="0.000000" m_ty="-584.299988"/>
   <element name="quagmire_lamp_post01" layername="quagmire_lamp_pos" frame="0" z_index="10" m_a="1.000000" m_b="0.000000" m_c="0.000000" m_d="1.000000" m_tx="0.000000" m_ty="0.000000"/>
   <element name="quagmire_lamp_post01" layername="quagmire_lamp_pos" frame="1" z_index="11" m_a="1.000000" m_b="0.000000" m_c="0.000000" m_d="1.000000" m_tx="0.000000" m_ty="-136.000000"/>
  </frame>
  <frame idx="800" w="256" h="1391" x="-28.724968" y="-801.274841">
   <element name="quagmire_lamp_post01" layername="quagmire_lamp_pos" frame="2" z_index="9" m_a="1.000000" m_b="0.000000" m_c="0.000000" m_d="1.000000" m_tx="0.000000" m_ty="-584.299988"/>
   <element name="quagmire_lamp_post01" layername="quagmire_lamp_pos" frame="0" z_index="10" m_a="1.000000" m_b="0.000000" m_c="0.000000" m_d="1.000000" m_tx="0.000000" m_ty="0.000000"/>
   <element name="quagmire_lamp_post01" layername="quagmire_lamp_pos" frame="1" z_index="11" m_a="1.000000" m_b="0.000000" m_c="0.000000" m_d="1.000000" m_tx="0.000000" m_ty="-136.000000"/>
  </frame>
  <frame idx="825" w="256" h="1391" x="-28.724968" y="-801.274841">
   <element name="quagmire_lamp_post01" layername="quagmire_lamp_pos" frame="2" z_index="9" m_a="1.000000" m_b="0.000000" m_c="0.000000" m_d="1.000000" m_tx="0.000000" m_ty="-584.299988"/>
   <element name="quagmire_lamp_post01" layername="quagmire_lamp_pos" frame="0" z_index="10" m_a="1.000000" m_b="0.000000" m_c="0.000000" m_d="1.000000" m_tx="0.000000" m_ty="0.000000"/>
   <element name="quagmire_lamp_post01" layername="quagmire_lamp_pos" frame="1" z_index="11" m_a="1.000000" m_b="0.000000" m_c="0.000000" m_d="1.000000" m_tx="0.000000" m_ty="-136.000000"/>
  </frame>
  <frame idx="850" w="256" h="1391" x="-28.724968" y="-801.274841">
   <element name="quagmire_lamp_post01" layername="quagmire_lamp_pos" frame="2" z_index="9" m_a="1.000000" m_b="0.000000" m_c="0.000000" m_d="1.000000" m_tx="0.000000" m_ty="-584.299988"/>
   <element name="quagmire_lamp_post01" layername="quagmire_lamp_pos" frame="0" z_index="10" m_a="1.000000" m_b="0.000000" m_c="0.000000" m_d="1.000000" m_tx="0.000000" m_ty="0.000000"/>
   <element name="quagmire_lamp_post01" layername="quagmire_lamp_pos" frame="1" z_index="11" m_a="1.000000" m_b="0.000000" m_c="0.000000" m_d="1.000000" m_tx="0.000000" m_ty="-136.000000"/>
  </frame>
  <frame idx="875" w="256" h="1391" x="-28.724968" y="-801.274841">
   <element name="quagmire_lamp_post01" layername="quagmire_lamp_pos" frame="2" z_index="9" m_a="1.000000" m_b="0.000000" m_c="0.000000" m_d="1.000000" m_tx="0.000000" m_ty="-584.299988"/>
   <element name="quagmire_lamp_post01" layername="quagmire_lamp_pos" frame="0" z_index="10" m_a="1.000000" m_b="0.000000" m_c="0.000000" m_d="1.000000" m_tx="0.000000" m_ty="0.000000"/>
   <element name="quagmire_lamp_post01" layername="quagmire_lamp_pos" frame="1" z_index="11" m_a="1.000000" m_b="0.000000" m_c="0.000000" m_d="1.000000" m_tx="0.000000" m_ty="-136.000000"/>
  </frame>
  <frame idx="900" w="256" h="1391" x="-28.724968" y="-801.274841">
   <element name="quagmire_lamp_post01" layername="quagmire_lamp_pos" frame="2" z_index="9" m_a="1.000000" m_b="0.000000" m_c="0.000000" m_d="1.000000" m_tx="0.000000" m_ty="-584.299988"/>
   <element name="quagmire_lamp_post01" layername="quagmire_lamp_pos" frame="0" z_index="10" m_a="1.000000" m_b="0.000000" m_c="0.000000" m_d="1.000000" m_tx="0.000000" m_ty="0.000000"/>
   <element name="quagmire_lamp_post01" layername="quagmire_lamp_pos" frame="1" z_index="11" m_a="1.000000" m_b="0.000000" m_c="0.000000" m_d="1.000000" m_tx="0.000000" m_ty="-136.000000"/>
  </frame>
  <frame idx="925" w="256" h="1391" x="-28.724968" y="-801.274841">
   <element name="quagmire_lamp_post01" layername="quagmire_lamp_pos" frame="2" z_index="9" m_a="1.000000" m_b="0.000000" m_c="0.000000" m_d="1.000000" m_tx="0.000000" m_ty="-584.299988"/>
   <element name="quagmire_lamp_post01" layername="quagmire_lamp_pos" frame="0" z_index="10" m_a="1.000000" m_b="0.000000" m_c="0.000000" m_d="1.000000" m_tx="0.000000" m_ty="0.000000"/>
   <element name="quagmire_lamp_post01" layername="quagmire_lamp_pos" frame="1" z_index="11" m_a="1.000000" m_b="0.000000" m_c="0.000000" m_d="1.000000" m_tx="0.000000" m_ty="-136.000000"/>
  </frame>
 </anim>
</Anims>
