<Anims>
 <anim name="idle" root="baka_lamp_short" numframes="950" framerate="40">
  <frame idx="0" w="290" h="1125" x="-25.275063" y="-655.400391">
   <element name="glow" layername="glow" frame="0" z_index="4" m_a="1.000000" m_b="0.000000" m_c="0.000000" m_d="1.000000" m_tx="0.700000" m_ty="-551.900024"/>
   <element name="quagmire_lamp_short01" layername="quagmire_lamp_shor" frame="1" z_index="5" m_a="1.000000" m_b="0.000000" m_c="0.000000" m_d="1.000000" m_tx="0.000000" m_ty="0.000000"/>
   <element name="quagmire_lamp_short01" layername="quagmire_lamp_shor" frame="2" z_index="6" m_a="1.000000" m_b="0.000000" m_c="0.000000" m_d="1.000000" m_tx="0.000000" m_ty="0.000000"/>
   <element name="quagmire_lamp_short01" layername="quagmire_lamp_shor" frame="0" z_index="7" m_a="1.000000" m_b="0.000000" m_c="0.000000" m_d="1.000000" m_tx="0.000000" m_ty="-96.000000"/>
  </frame>
  <frame idx="25" w="294" h="1125" x="-25.275063" y="-655.400391">
   <element name="glow" layername="glow" frame="0" z_index="4" m_a="1.019110" m_b="0.000000" m_c="0.000000" m_d="1.019110" m_tx="0.700000" m_ty="-551.900024"/>
   <element name="quagmire_lamp_short01" layername="quagmire_lamp_shor" frame="1" z_index="5" m_a="1.000000" m_b="0.000000" m_c="0.000000" m_d="1.000000" m_tx="0.000000" m_ty="0.000000"/>
   <element name="quagmire_lamp_short01" layername="quagmire_lamp_shor" frame="2" z_index="6" m_a="1.000000" m_b="0.000000" m_c="0.000000" m_d="1.000000" m_tx="0.000000" m_ty="0.000000"/>
   <element name="quagmire_lamp_short01" layername="quagmire_lamp_shor" frame="0" z_index="7" m_a="1.000000" m_b="0.000000" m_c="0.000000" m_d="1.000000" m_tx="0.000000" m_ty="-96.000000"/>
  </frame>
  <frame idx="50" w="300" h="1125" x="-25.775063" y="-655.400391">
   <element name="glow" layername="glow" frame="0" z_index="4" m_a="1.037714" m_b="0.000000" m_c="0.000000" m_d="1.037714" m_tx="0.700000" m_ty="-551.900024"/>
   <element name="quagmire_lamp_short01" layername="quagmire_lamp_shor" frame="1" z_index="5" m_a="1.000000" m_b="0.000000" m_c="0.000000" m_d="1.000000" m_tx="0.000000" m_ty="0.000000"/>
   <element name="quagmire_lamp_short01" layername="quagmire_lamp_shor" frame="2" z_index="6" m_a="1.000000" m_b="0.000000" m_c="0.000000" m_d="1.000000" m_tx="0.000000" m_ty="0.000000"/>
   <element name="quagmire_lamp_short01" layername="quagmire_lamp_shor" frame="0" z_index="7" m_a="1.000000" m_b="0.000000" m_c="0.000000" m_d="1.000000" m_tx="0.000000" m_ty="-96.000000"/>
  </frame>
  <frame idx="75" w="305" h="1125" x="-26.275063" y="-655.400391">
   <element name="glow" layername="glow" frame="0" z_index="4" m_a="1.055600" m_b="0.000000" m_c="0.000000" m_d="1.055600" m_tx="0.700000" m_ty="-551.900024"/>
   <element name="quagmire_lamp_short01" layername="quagmire_lamp_shor" frame="1" z_index="5" m_a="1.000000" m_b="0.000000" m_c="0.000000" m_d="1.000000" m_tx="0.000000" m_ty="0.000000"/>
   <element name="quagmire_lamp_short01" layername="quagmire_lamp_shor" frame="2" z_index="6" m_a="1.000000" m_b="0.000000" m_c="0.000000" m_d="1.000000" m_tx="0.000000" m_ty="0.000000"/>
   <element name="quagmire_lamp_short01" layername="quagmire_lamp_shor" frame="0" z_index="7" m_a="1.000000" m_b="0.000000" m_c="0.000000" m_d="1.000000" m_tx="0.000000" m_ty="-96.000000"/>
  </frame>
  <frame idx="100" w="310" h="1125" x="-26.775063" y="-655.400391">
   <element name="glow" layername="glow" frame="0" z_index="4" m_a="1.072570" m_b="0.000000" m_c="0.000000" m_d="1.072570" m_tx="0.700000" m_ty="-551.900024"/>
   <element name="quagmire_lamp_short01" layername="quagmire_lamp_shor" frame="1" z_index="5" m_a="1.000000" m_b="0.000000" m_c="0.000000" m_d="1.000000" m_tx="0.000000" m_ty="0.000000"/>
   <element name="quagmire_lamp_short01" layername="quagmire_lamp_shor" frame="2" z_index="6" m_a="1.000000" m_b="0.000000" m_c="0.000000" m_d="1.000000" m_tx="0.000000" m_ty="0.000000"/>
   <element name="quagmire_lamp_short01" layername="quagmire_lamp_shor" frame="0" z_index="7" m_a="1.000000" m_b="0.000000" m_c="0.000000" m_d="1.000000" m_tx="0.000000" m_ty="-96.000000"/>
  </frame>
  <frame idx="125" w="315" h="1125" x="-27.275063" y="-655.400391">
   <element name="glow" layername="glow" frame="0" z_index="4" m_a="1.087732" m_b="0.000000" m_c="0.000000" m_d="1.087732" m_tx="0.700000" m_ty="-551.900024"/>
   <element name="quagmire_lamp_short01" layername="quagmire_lamp_shor" frame="1" z_index="5" m_a="1.000000" m_b="0.000000" m_c="0.000000" m_d="1.000000" m_tx="0.000000" m_ty="0.000000"/>
   <element name="quagmire_lamp_short01" layername="quagmire_lamp_shor" frame="2" z_index="6" m_a="1.000000" m_b="0.000000" m_c="0.000000" m_d="1.000000" m_tx="0.000000" m_ty="0.000000"/>
   <element name="quagmire_lamp_short01" layername="quagmire_lamp_shor" frame="0" z_index="7" m_a="1.000000" m_b="0.000000" m_c="0.000000" m_d="1.000000" m_tx="0.000000" m_ty="-96.000000"/>
  </frame>
  <frame idx="150" w="318" h="1125" x="-27.275063" y="-655.400391">
   <element name="glow" layername="glow" frame="0" z_index="4" m_a="1.102310" m_b="0.000000" m_c="0.000000" m_d="1.102310" m_tx="0.675758" m_ty="-551.900024"/>
   <element name="quagmire_lamp_short01" layername="quagmire_lamp_shor" frame="1" z_index="5" m_a="1.000000" m_b="0.000000" m_c="0.000000" m_d="1.000000" m_tx="0.000000" m_ty="0.000000"/>
   <element name="quagmire_lamp_short01" layername="quagmire_lamp_shor" frame="2" z_index="6" m_a="1.000000" m_b="0.000000" m_c="0.000000" m_d="1.000000" m_tx="0.000000" m_ty="0.000000"/>
   <element name="quagmire_lamp_short01" layername="quagmire_lamp_shor" frame="0" z_index="7" m_a="1.000000" m_b="0.000000" m_c="0.000000" m_d="1.000000" m_tx="0.000000" m_ty="-96.000000"/>
  </frame>
  <frame idx="175" w="322" h="1125" x="-27.775063" y="-655.400391">
   <element name="glow" layername="glow" frame="0" z_index="4" m_a="1.116128" m_b="0.000000" m_c="0.000000" m_d="1.116128" m_tx="0.650000" m_ty="-551.900024"/>
   <element name="quagmire_lamp_short01" layername="quagmire_lamp_shor" frame="1" z_index="5" m_a="1.000000" m_b="0.000000" m_c="0.000000" m_d="1.000000" m_tx="0.000000" m_ty="0.000000"/>
   <element name="quagmire_lamp_short01" layername="quagmire_lamp_shor" frame="2" z_index="6" m_a="1.000000" m_b="0.000000" m_c="0.000000" m_d="1.000000" m_tx="0.000000" m_ty="0.000000"/>
   <element name="quagmire_lamp_short01" layername="quagmire_lamp_shor" frame="0" z_index="7" m_a="1.000000" m_b="0.000000" m_c="0.000000" m_d="1.000000" m_tx="0.000000" m_ty="-96.000000"/>
  </frame>
  <frame idx="200" w="326" h="1125" x="-28.275063" y="-655.400391">
   <element name="glow" layername="glow" frame="0" z_index="4" m_a="1.129030" m_b="0.000000" m_c="0.000000" m_d="1.129030" m_tx="0.650000" m_ty="-551.900024"/>
   <element name="quagmire_lamp_short01" layername="quagmire_lamp_shor" frame="1" z_index="5" m_a="1.000000" m_b="0.000000" m_c="0.000000" m_d="1.000000" m_tx="0.000000" m_ty="0.000000"/>
   <element name="quagmire_lamp_short01" layername="quagmire_lamp_shor" frame="2" z_index="6" m_a="1.000000" m_b="0.000000" m_c="0.000000" m_d="1.000000" m_tx="0.000000" m_ty="0.000000"/>
   <element name="quagmire_lamp_short01" layername="quagmire_lamp_shor" frame="0" z_index="7" m_a="1.000000" m_b="0.000000" m_c="0.000000" m_d="1.000000" m_tx="0.000000" m_ty="-96.000000"/>
  </frame>
  <frame idx="225" w="329" h="1125" x="-28.275198" y="-655.400391">
   <element name="glow" layername="glow" frame="0" z_index="4" m_a="1.140229" m_b="0.000000" m_c="0.000000" m_d="1.140229" m_tx="0.650000" m_ty="-551.900024"/>
   <element name="quagmire_lamp_short01" layername="quagmire_lamp_shor" frame="1" z_index="5" m_a="1.000000" m_b="0.000000" m_c="0.000000" m_d="1.000000" m_tx="0.000000" m_ty="0.000000"/>
   <element name="quagmire_lamp_short01" layername="quagmire_lamp_shor" frame="2" z_index="6" m_a="1.000000" m_b="0.000000" m_c="0.000000" m_d="1.000000" m_tx="0.000000" m_ty="0.000000"/>
   <element name="quagmire_lamp_short01" layername="quagmire_lamp_shor" frame="0" z_index="7" m_a="1.000000" m_b="0.000000" m_c="0.000000" m_d="1.000000" m_tx="0.000000" m_ty="-96.000000"/>
  </frame>
  <frame idx="250" w="333" h="1125" x="-28.788383" y="-655.400391">
   <element name="glow" layername="glow" frame="0" z_index="4" m_a="1.150776" m_b="0.000000" m_c="0.000000" m_d="1.150776" m_tx="0.650000" m_ty="-551.900024"/>
   <element name="quagmire_lamp_short01" layername="quagmire_lamp_shor" frame="1" z_index="5" m_a="1.000000" m_b="0.000000" m_c="0.000000" m_d="1.000000" m_tx="0.000000" m_ty="0.000000"/>
   <element name="quagmire_lamp_short01" layername="quagmire_lamp_shor" frame="2" z_index="6" m_a="1.000000" m_b="0.000000" m_c="0.000000" m_d="1.000000" m_tx="0.000000" m_ty="0.000000"/>
   <element name="quagmire_lamp_short01" layername="quagmire_lamp_shor" frame="0" z_index="7" m_a="1.000000" m_b="0.000000" m_c="0.000000" m_d="1.000000" m_tx="0.000000" m_ty="-96.000000"/>
  </frame>
  <frame idx="275" w="335" h="1125" x="-28.800564" y="-655.400391">
   <element name="glow" layername="glow" frame="0" z_index="4" m_a="1.160522" m_b="0.000000" m_c="0.000000" m_d="1.160522" m_tx="0.650000" m_ty="-551.900024"/>
   <element name="quagmire_lamp_short01" layername="quagmire_lamp_shor" frame="1" z_index="5" m_a="1.000000" m_b="0.000000" m_c="0.000000" m_d="1.000000" m_tx="0.000000" m_ty="0.000000"/>
   <element name="quagmire_lamp_short01" layername="quagmire_lamp_shor" frame="2" z_index="6" m_a="1.000000" m_b="0.000000" m_c="0.000000" m_d="1.000000" m_tx="0.000000" m_ty="0.000000"/>
   <element name="quagmire_lamp_short01" layername="quagmire_lamp_shor" frame="0" z_index="7" m_a="1.000000" m_b="0.000000" m_c="0.000000" m_d="1.000000" m_tx="0.000000" m_ty="-96.000000"/>
  </frame>
  <frame idx="300" w="338" h="1125" x="-29.311586" y="-655.400391">
   <element name="glow" layername="glow" frame="0" z_index="4" m_a="1.169340" m_b="0.000000" m_c="0.000000" m_d="1.169340" m_tx="0.650000" m_ty="-551.900024"/>
   <element name="quagmire_lamp_short01" layername="quagmire_lamp_shor" frame="1" z_index="5" m_a="1.000000" m_b="0.000000" m_c="0.000000" m_d="1.000000" m_tx="0.000000" m_ty="0.000000"/>
   <element name="quagmire_lamp_short01" layername="quagmire_lamp_shor" frame="2" z_index="6" m_a="1.000000" m_b="0.000000" m_c="0.000000" m_d="1.000000" m_tx="0.000000" m_ty="0.000000"/>
   <element name="quagmire_lamp_short01" layername="quagmire_lamp_shor" frame="0" z_index="7" m_a="1.000000" m_b="0.000000" m_c="0.000000" m_d="1.000000" m_tx="0.000000" m_ty="-96.000000"/>
  </frame>
  <frame idx="325" w="340" h="1125" x="-29.320648" y="-655.400391">
   <element name="glow" layername="glow" frame="0" z_index="4" m_a="1.176590" m_b="0.000000" m_c="0.000000" m_d="1.176590" m_tx="0.650000" m_ty="-551.900024"/>
   <element name="quagmire_lamp_short01" layername="quagmire_lamp_shor" frame="1" z_index="5" m_a="1.000000" m_b="0.000000" m_c="0.000000" m_d="1.000000" m_tx="0.000000" m_ty="0.000000"/>
   <element name="quagmire_lamp_short01" layername="quagmire_lamp_shor" frame="2" z_index="6" m_a="1.000000" m_b="0.000000" m_c="0.000000" m_d="1.000000" m_tx="0.000000" m_ty="0.000000"/>
   <element name="quagmire_lamp_short01" layername="quagmire_lamp_shor" frame="0" z_index="7" m_a="1.000000" m_b="0.000000" m_c="0.000000" m_d="1.000000" m_tx="0.000000" m_ty="-96.000000"/>
  </frame>
  <frame idx="350" w="341" h="1125" x="-29.328800" y="-655.400391">
   <element name="glow" layername="glow" frame="0" z_index="4" m_a="1.183113" m_b="0.000000" m_c="0.000000" m_d="1.183113" m_tx="0.650000" m_ty="-551.900024"/>
   <element name="quagmire_lamp_short01" layername="quagmire_lamp_shor" frame="1" z_index="5" m_a="1.000000" m_b="0.000000" m_c="0.000000" m_d="1.000000" m_tx="0.000000" m_ty="0.000000"/>
   <element name="quagmire_lamp_short01" layername="quagmire_lamp_shor" frame="2" z_index="6" m_a="1.000000" m_b="0.000000" m_c="0.000000" m_d="1.000000" m_tx="0.000000" m_ty="0.000000"/>
   <element name="quagmire_lamp_short01" layername="quagmire_lamp_shor" frame="0" z_index="7" m_a="1.000000" m_b="0.000000" m_c="0.000000" m_d="1.000000" m_tx="0.000000" m_ty="-96.000000"/>
  </frame>
  <frame idx="375" w="344" h="1125" x="-29.835897" y="-655.400391">
   <element name="glow" layername="glow" frame="0" z_index="4" m_a="1.188790" m_b="0.000000" m_c="0.000000" m_d="1.188790" m_tx="0.650000" m_ty="-551.900024"/>
   <element name="quagmire_lamp_short01" layername="quagmire_lamp_shor" frame="1" z_index="5" m_a="1.000000" m_b="0.000000" m_c="0.000000" m_d="1.000000" m_tx="0.000000" m_ty="0.000000"/>
   <element name="quagmire_lamp_short01" layername="quagmire_lamp_shor" frame="2" z_index="6" m_a="1.000000" m_b="0.000000" m_c="0.000000" m_d="1.000000" m_tx="0.000000" m_ty="0.000000"/>
   <element name="quagmire_lamp_short01" layername="quagmire_lamp_shor" frame="0" z_index="7" m_a="1.000000" m_b="0.000000" m_c="0.000000" m_d="1.000000" m_tx="0.000000" m_ty="-96.000000"/>
  </frame>
  <frame idx="400" w="345" h="1125" x="-29.841833" y="-655.400391">
   <element name="glow" layername="glow" frame="0" z_index="4" m_a="1.193540" m_b="0.000000" m_c="0.000000" m_d="1.193540" m_tx="0.650000" m_ty="-551.900024"/>
   <element name="quagmire_lamp_short01" layername="quagmire_lamp_shor" frame="1" z_index="5" m_a="1.000000" m_b="0.000000" m_c="0.000000" m_d="1.000000" m_tx="0.000000" m_ty="0.000000"/>
   <element name="quagmire_lamp_short01" layername="quagmire_lamp_shor" frame="2" z_index="6" m_a="1.000000" m_b="0.000000" m_c="0.000000" m_d="1.000000" m_tx="0.000000" m_ty="0.000000"/>
   <element name="quagmire_lamp_short01" layername="quagmire_lamp_shor" frame="0" z_index="7" m_a="1.000000" m_b="0.000000" m_c="0.000000" m_d="1.000000" m_tx="0.000000" m_ty="-96.000000"/>
  </frame>
  <frame idx="425" w="346" h="1125" x="-29.845942" y="-655.400391">
   <element name="glow" layername="glow" frame="0" z_index="4" m_a="1.196827" m_b="0.000000" m_c="0.000000" m_d="1.196827" m_tx="0.650000" m_ty="-551.900024"/>
   <element name="quagmire_lamp_short01" layername="quagmire_lamp_shor" frame="1" z_index="5" m_a="1.000000" m_b="0.000000" m_c="0.000000" m_d="1.000000" m_tx="0.000000" m_ty="0.000000"/>
   <element name="quagmire_lamp_short01" layername="quagmire_lamp_shor" frame="2" z_index="6" m_a="1.000000" m_b="0.000000" m_c="0.000000" m_d="1.000000" m_tx="0.000000" m_ty="0.000000"/>
   <element name="quagmire_lamp_short01" layername="quagmire_lamp_shor" frame="0" z_index="7" m_a="1.000000" m_b="0.000000" m_c="0.000000" m_d="1.000000" m_tx="0.000000" m_ty="-96.000000"/>
  </frame>
  <frame idx="450" w="346" h="1125" x="-29.849051" y="-655.400391">
   <element name="glow" layername="glow" frame="0" z_index="4" m_a="1.199314" m_b="0.000000" m_c="0.000000" m_d="1.199314" m_tx="0.650000" m_ty="-551.900024"/>
   <element name="quagmire_lamp_short01" layername="quagmire_lamp_shor" frame="1" z_index="5" m_a="1.000000" m_b="0.000000" m_c="0.000000" m_d="1.000000" m_tx="0.000000" m_ty="0.000000"/>
   <element name="quagmire_lamp_short01" layername="quagmire_lamp_shor" frame="2" z_index="6" m_a="1.000000" m_b="0.000000" m_c="0.000000" m_d="1.000000" m_tx="0.000000" m_ty="0.000000"/>
   <element name="quagmire_lamp_short01" layername="quagmire_lamp_shor" frame="0" z_index="7" m_a="1.000000" m_b="0.000000" m_c="0.000000" m_d="1.000000" m_tx="0.000000" m_ty="-96.000000"/>
  </frame>
  <frame idx="475" w="347" h="1125" x="-29.838936" y="-655.400391">
   <element name="glow" layername="glow" frame="0" z_index="4" m_a="1.200918" m_b="0.000000" m_c="0.000000" m_d="1.200918" m_tx="0.662121" m_ty="-551.900024"/>
   <element name="quagmire_lamp_short01" layername="quagmire_lamp_shor" frame="1" z_index="5" m_a="1.000000" m_b="0.000000" m_c="0.000000" m_d="1.000000" m_tx="0.000000" m_ty="0.000000"/>
   <element name="quagmire_lamp_short01" layername="quagmire_lamp_shor" frame="2" z_index="6" m_a="1.000000" m_b="0.000000" m_c="0.000000" m_d="1.000000" m_tx="0.000000" m_ty="0.000000"/>
   <element name="quagmire_lamp_short01" layername="quagmire_lamp_shor" frame="0" z_index="7" m_a="1.000000" m_b="0.000000" m_c="0.000000" m_d="1.000000" m_tx="0.000000" m_ty="-96.000000"/>
  </frame>
  <frame idx="500" w="347" h="1125" x="-29.801908" y="-655.400391">
   <element name="glow" layername="glow" frame="0" z_index="4" m_a="1.201600" m_b="0.000000" m_c="0.000000" m_d="1.201600" m_tx="0.700000" m_ty="-551.900024"/>
   <element name="quagmire_lamp_short01" layername="quagmire_lamp_shor" frame="1" z_index="5" m_a="1.000000" m_b="0.000000" m_c="0.000000" m_d="1.000000" m_tx="0.000000" m_ty="0.000000"/>
   <element name="quagmire_lamp_short01" layername="quagmire_lamp_shor" frame="2" z_index="6" m_a="1.000000" m_b="0.000000" m_c="0.000000" m_d="1.000000" m_tx="0.000000" m_ty="0.000000"/>
   <element name="quagmire_lamp_short01" layername="quagmire_lamp_shor" frame="0" z_index="7" m_a="1.000000" m_b="0.000000" m_c="0.000000" m_d="1.000000" m_tx="0.000000" m_ty="-96.000000"/>
  </frame>
  <frame idx="525" w="341" h="1125" x="-29.275063" y="-655.400391">
   <element name="glow" layername="glow" frame="0" z_index="4" m_a="1.179754" m_b="0.000000" m_c="0.000000" m_d="1.179754" m_tx="0.700000" m_ty="-551.900024"/>
   <element name="quagmire_lamp_short01" layername="quagmire_lamp_shor" frame="1" z_index="5" m_a="1.000000" m_b="0.000000" m_c="0.000000" m_d="1.000000" m_tx="0.000000" m_ty="0.000000"/>
   <element name="quagmire_lamp_short01" layername="quagmire_lamp_shor" frame="2" z_index="6" m_a="1.000000" m_b="0.000000" m_c="0.000000" m_d="1.000000" m_tx="0.000000" m_ty="0.000000"/>
   <element name="quagmire_lamp_short01" layername="quagmire_lamp_shor" frame="0" z_index="7" m_a="1.000000" m_b="0.000000" m_c="0.000000" m_d="1.000000" m_tx="0.000000" m_ty="-96.000000"/>
  </frame>
  <frame idx="550" w="335" h="1125" x="-28.775063" y="-655.400391">
   <element name="glow" layername="glow" frame="0" z_index="4" m_a="1.158654" m_b="0.000000" m_c="0.000000" m_d="1.158654" m_tx="0.700000" m_ty="-551.900024"/>
   <element name="quagmire_lamp_short01" layername="quagmire_lamp_shor" frame="1" z_index="5" m_a="1.000000" m_b="0.000000" m_c="0.000000" m_d="1.000000" m_tx="0.000000" m_ty="0.000000"/>
   <element name="quagmire_lamp_short01" layername="quagmire_lamp_shor" frame="2" z_index="6" m_a="1.000000" m_b="0.000000" m_c="0.000000" m_d="1.000000" m_tx="0.000000" m_ty="0.000000"/>
   <element name="quagmire_lamp_short01" layername="quagmire_lamp_shor" frame="0" z_index="7" m_a="1.000000" m_b="0.000000" m_c="0.000000" m_d="1.000000" m_tx="0.000000" m_ty="-96.000000"/>
  </frame>
  <frame idx="575" w="329" h="1125" x="-28.275063" y="-655.400391">
   <element name="glow" layername="glow" frame="0" z_index="4" m_a="1.138546" m_b="0.000000" m_c="0.000000" m_d="1.138546" m_tx="0.700000" m_ty="-551.900024"/>
   <element name="quagmire_lamp_short01" layername="quagmire_lamp_shor" frame="1" z_index="5" m_a="1.000000" m_b="0.000000" m_c="0.000000" m_d="1.000000" m_tx="0.000000" m_ty="0.000000"/>
   <element name="quagmire_lamp_short01" layername="quagmire_lamp_shor" frame="2" z_index="6" m_a="1.000000" m_b="0.000000" m_c="0.000000" m_d="1.000000" m_tx="0.000000" m_ty="0.000000"/>
   <element name="quagmire_lamp_short01" layername="quagmire_lamp_shor" frame="0" z_index="7" m_a="1.000000" m_b="0.000000" m_c="0.000000" m_d="1.000000" m_tx="0.000000" m_ty="-96.000000"/>
  </frame>
  <frame idx="600" w="323" h="1125" x="-27.775063" y="-655.400391">
   <element name="glow" layername="glow" frame="0" z_index="4" m_a="1.119660" m_b="0.000000" m_c="0.000000" m_d="1.119660" m_tx="0.700000" m_ty="-551.900024"/>
   <element name="quagmire_lamp_short01" layername="quagmire_lamp_shor" frame="1" z_index="5" m_a="1.000000" m_b="0.000000" m_c="0.000000" m_d="1.000000" m_tx="0.000000" m_ty="0.000000"/>
   <element name="quagmire_lamp_short01" layername="quagmire_lamp_shor" frame="2" z_index="6" m_a="1.000000" m_b="0.000000" m_c="0.000000" m_d="1.000000" m_tx="0.000000" m_ty="0.000000"/>
   <element name="quagmire_lamp_short01" layername="quagmire_lamp_shor" frame="0" z_index="7" m_a="1.000000" m_b="0.000000" m_c="0.000000" m_d="1.000000" m_tx="0.000000" m_ty="-96.000000"/>
  </frame>
  <frame idx="625" w="318" h="1125" x="-27.275063" y="-655.400391">
   <element name="glow" layername="glow" frame="0" z_index="4" m_a="1.103079" m_b="0.000000" m_c="0.000000" m_d="1.103079" m_tx="0.700000" m_ty="-551.900024"/>
   <element name="quagmire_lamp_short01" layername="quagmire_lamp_shor" frame="1" z_index="5" m_a="1.000000" m_b="0.000000" m_c="0.000000" m_d="1.000000" m_tx="0.000000" m_ty="0.000000"/>
   <element name="quagmire_lamp_short01" layername="quagmire_lamp_shor" frame="2" z_index="6" m_a="1.000000" m_b="0.000000" m_c="0.000000" m_d="1.000000" m_tx="0.000000" m_ty="0.000000"/>
   <element name="quagmire_lamp_short01" layername="quagmire_lamp_shor" frame="0" z_index="7" m_a="1.000000" m_b="0.000000" m_c="0.000000" m_d="1.000000" m_tx="0.000000" m_ty="-96.000000"/>
  </frame>
  <frame idx="650" w="315" h="1125" x="-27.275063" y="-655.400391">
   <element name="glow" layername="glow" frame="0" z_index="4" m_a="1.087321" m_b="0.000000" m_c="0.000000" m_d="1.087321" m_tx="0.724242" m_ty="-551.900024"/>
   <element name="quagmire_lamp_short01" layername="quagmire_lamp_shor" frame="1" z_index="5" m_a="1.000000" m_b="0.000000" m_c="0.000000" m_d="1.000000" m_tx="0.000000" m_ty="0.000000"/>
   <element name="quagmire_lamp_short01" layername="quagmire_lamp_shor" frame="2" z_index="6" m_a="1.000000" m_b="0.000000" m_c="0.000000" m_d="1.000000" m_tx="0.000000" m_ty="0.000000"/>
   <element name="quagmire_lamp_short01" layername="quagmire_lamp_shor" frame="0" z_index="7" m_a="1.000000" m_b="0.000000" m_c="0.000000" m_d="1.000000" m_tx="0.000000" m_ty="-96.000000"/>
  </frame>
  <frame idx="675" w="310" h="1125" x="-26.775063" y="-655.400391">
   <element name="glow" layername="glow" frame="0" z_index="4" m_a="1.072603" m_b="0.000000" m_c="0.000000" m_d="1.072603" m_tx="0.750000" m_ty="-551.900024"/>
   <element name="quagmire_lamp_short01" layername="quagmire_lamp_shor" frame="1" z_index="5" m_a="1.000000" m_b="0.000000" m_c="0.000000" m_d="1.000000" m_tx="0.000000" m_ty="0.000000"/>
   <element name="quagmire_lamp_short01" layername="quagmire_lamp_shor" frame="2" z_index="6" m_a="1.000000" m_b="0.000000" m_c="0.000000" m_d="1.000000" m_tx="0.000000" m_ty="0.000000"/>
   <element name="quagmire_lamp_short01" layername="quagmire_lamp_shor" frame="0" z_index="7" m_a="1.000000" m_b="0.000000" m_c="0.000000" m_d="1.000000" m_tx="0.000000" m_ty="-96.000000"/>
  </frame>
  <frame idx="700" w="306" h="1125" x="-26.275063" y="-655.400391">
   <element name="glow" layername="glow" frame="0" z_index="4" m_a="1.059110" m_b="0.000000" m_c="0.000000" m_d="1.059110" m_tx="0.750000" m_ty="-551.900024"/>
   <element name="quagmire_lamp_short01" layername="quagmire_lamp_shor" frame="1" z_index="5" m_a="1.000000" m_b="0.000000" m_c="0.000000" m_d="1.000000" m_tx="0.000000" m_ty="0.000000"/>
   <element name="quagmire_lamp_short01" layername="quagmire_lamp_shor" frame="2" z_index="6" m_a="1.000000" m_b="0.000000" m_c="0.000000" m_d="1.000000" m_tx="0.000000" m_ty="0.000000"/>
   <element name="quagmire_lamp_short01" layername="quagmire_lamp_shor" frame="0" z_index="7" m_a="1.000000" m_b="0.000000" m_c="0.000000" m_d="1.000000" m_tx="0.000000" m_ty="-96.000000"/>
  </frame>
  <frame idx="725" w="303" h="1125" x="-26.275063" y="-655.400391">
   <element name="glow" layername="glow" frame="0" z_index="4" m_a="1.047772" m_b="0.000000" m_c="0.000000" m_d="1.047772" m_tx="0.750000" m_ty="-551.900024"/>
   <element name="quagmire_lamp_short01" layername="quagmire_lamp_shor" frame="1" z_index="5" m_a="1.000000" m_b="0.000000" m_c="0.000000" m_d="1.000000" m_tx="0.000000" m_ty="0.000000"/>
   <element name="quagmire_lamp_short01" layername="quagmire_lamp_shor" frame="2" z_index="6" m_a="1.000000" m_b="0.000000" m_c="0.000000" m_d="1.000000" m_tx="0.000000" m_ty="0.000000"/>
   <element name="quagmire_lamp_short01" layername="quagmire_lamp_shor" frame="0" z_index="7" m_a="1.000000" m_b="0.000000" m_c="0.000000" m_d="1.000000" m_tx="0.000000" m_ty="-96.000000"/>
  </frame>
  <frame idx="750" w="300" h="1125" x="-25.775063" y="-655.400391">
   <element name="glow" layername="glow" frame="0" z_index="4" m_a="1.037353" m_b="0.000000" m_c="0.000000" m_d="1.037353" m_tx="0.750000" m_ty="-551.900024"/>
   <element name="quagmire_lamp_short01" layername="quagmire_lamp_shor" frame="1" z_index="5" m_a="1.000000" m_b="0.000000" m_c="0.000000" m_d="1.000000" m_tx="0.000000" m_ty="0.000000"/>
   <element name="quagmire_lamp_short01" layername="quagmire_lamp_shor" frame="2" z_index="6" m_a="1.000000" m_b="0.000000" m_c="0.000000" m_d="1.000000" m_tx="0.000000" m_ty="0.000000"/>
   <element name="quagmire_lamp_short01" layername="quagmire_lamp_shor" frame="0" z_index="7" m_a="1.000000" m_b="0.000000" m_c="0.000000" m_d="1.000000" m_tx="0.000000" m_ty="-96.000000"/>
  </frame>
  <frame idx="775" w="297" h="1125" x="-25.775063" y="-655.400391">
   <element name="glow" layername="glow" frame="0" z_index="4" m_a="1.028031" m_b="0.000000" m_c="0.000000" m_d="1.028031" m_tx="0.737879" m_ty="-551.900024"/>
   <element name="quagmire_lamp_short01" layername="quagmire_lamp_shor" frame="1" z_index="5" m_a="1.000000" m_b="0.000000" m_c="0.000000" m_d="1.000000" m_tx="0.000000" m_ty="0.000000"/>
   <element name="quagmire_lamp_short01" layername="quagmire_lamp_shor" frame="2" z_index="6" m_a="1.000000" m_b="0.000000" m_c="0.000000" m_d="1.000000" m_tx="0.000000" m_ty="0.000000"/>
   <element name="quagmire_lamp_short01" layername="quagmire_lamp_shor" frame="0" z_index="7" m_a="1.000000" m_b="0.000000" m_c="0.000000" m_d="1.000000" m_tx="0.000000" m_ty="-96.000000"/>
  </frame>
  <frame idx="800" w="294" h="1125" x="-25.275063" y="-655.400391">
   <element name="glow" layername="glow" frame="0" z_index="4" m_a="1.019940" m_b="0.000000" m_c="0.000000" m_d="1.019940" m_tx="0.700000" m_ty="-551.900024"/>
   <element name="quagmire_lamp_short01" layername="quagmire_lamp_shor" frame="1" z_index="5" m_a="1.000000" m_b="0.000000" m_c="0.000000" m_d="1.000000" m_tx="0.000000" m_ty="0.000000"/>
   <element name="quagmire_lamp_short01" layername="quagmire_lamp_shor" frame="2" z_index="6" m_a="1.000000" m_b="0.000000" m_c="0.000000" m_d="1.000000" m_tx="0.000000" m_ty="0.000000"/>
   <element name="quagmire_lamp_short01" layername="quagmire_lamp_shor" frame="0" z_index="7" m_a="1.000000" m_b="0.000000" m_c="0.000000" m_d="1.000000" m_tx="0.000000" m_ty="-96.000000"/>
  </frame>
  <frame idx="825" w="293" h="1125" x="-25.275063" y="-655.400391">
   <element name="glow" layername="glow" frame="0" z_index="4" m_a="1.013830" m_b="0.000000" m_c="0.000000" m_d="1.013830" m_tx="0.700000" m_ty="-551.863220"/>
   <element name="quagmire_lamp_short01" layername="quagmire_lamp_shor" frame="1" z_index="5" m_a="1.000000" m_b="0.000000" m_c="0.000000" m_d="1.000000" m_tx="0.000000" m_ty="0.000000"/>
   <element name="quagmire_lamp_short01" layername="quagmire_lamp_shor" frame="2" z_index="6" m_a="1.000000" m_b="0.000000" m_c="0.000000" m_d="1.000000" m_tx="0.000000" m_ty="0.000000"/>
   <element name="quagmire_lamp_short01" layername="quagmire_lamp_shor" frame="0" z_index="7" m_a="1.000000" m_b="0.000000" m_c="0.000000" m_d="1.000000" m_tx="0.000000" m_ty="-96.000000"/>
  </frame>
  <frame idx="850" w="292" h="1125" x="-25.275063" y="-655.400391">
   <element name="glow" layername="glow" frame="0" z_index="4" m_a="1.008760" m_b="0.000000" m_c="0.000000" m_d="1.008760" m_tx="0.700000" m_ty="-551.874268"/>
   <element name="quagmire_lamp_short01" layername="quagmire_lamp_shor" frame="1" z_index="5" m_a="1.000000" m_b="0.000000" m_c="0.000000" m_d="1.000000" m_tx="0.000000" m_ty="0.000000"/>
   <element name="quagmire_lamp_short01" layername="quagmire_lamp_shor" frame="2" z_index="6" m_a="1.000000" m_b="0.000000" m_c="0.000000" m_d="1.000000" m_tx="0.000000" m_ty="0.000000"/>
   <element name="quagmire_lamp_short01" layername="quagmire_lamp_shor" frame="0" z_index="7" m_a="1.000000" m_b="0.000000" m_c="0.000000" m_d="1.000000" m_tx="0.000000" m_ty="-96.000000"/>
  </frame>
  <frame idx="875" w="291" h="1125" x="-25.275063" y="-655.400391">
   <element name="glow" layername="glow" frame="0" z_index="4" m_a="1.004847" m_b="0.000000" m_c="0.000000" m_d="1.004847" m_tx="0.700000" m_ty="-551.900024"/>
   <element name="quagmire_lamp_short01" layername="quagmire_lamp_shor" frame="1" z_index="5" m_a="1.000000" m_b="0.000000" m_c="0.000000" m_d="1.000000" m_tx="0.000000" m_ty="0.000000"/>
   <element name="quagmire_lamp_short01" layername="quagmire_lamp_shor" frame="2" z_index="6" m_a="1.000000" m_b="0.000000" m_c="0.000000" m_d="1.000000" m_tx="0.000000" m_ty="0.000000"/>
   <element name="quagmire_lamp_short01" layername="quagmire_lamp_shor" frame="0" z_index="7" m_a="1.000000" m_b="0.000000" m_c="0.000000" m_d="1.000000" m_tx="0.000000" m_ty="-96.000000"/>
  </frame>
  <frame idx="900" w="290" h="1125" x="-25.275063" y="-655.400391">
   <element name="glow" layername="glow" frame="0" z_index="4" m_a="1.002150" m_b="0.000000" m_c="0.000000" m_d="1.002150" m_tx="0.700000" m_ty="-551.900024"/>
   <element name="quagmire_lamp_short01" layername="quagmire_lamp_shor" frame="1" z_index="5" m_a="1.000000" m_b="0.000000" m_c="0.000000" m_d="1.000000" m_tx="0.000000" m_ty="0.000000"/>
   <element name="quagmire_lamp_short01" layername="quagmire_lamp_shor" frame="2" z_index="6" m_a="1.000000" m_b="0.000000" m_c="0.000000" m_d="1.000000" m_tx="0.000000" m_ty="0.000000"/>
   <element name="quagmire_lamp_short01" layername="quagmire_lamp_shor" frame="0" z_index="7" m_a="1.000000" m_b="0.000000" m_c="0.000000" m_d="1.000000" m_tx="0.000000" m_ty="-96.000000"/>
  </frame>
  <frame idx="925" w="290" h="1125" x="-25.275063" y="-655.400391">
   <element name="glow" layername="glow" frame="0" z_index="4" m_a="1.001290" m_b="0.000000" m_c="0.000000" m_d="1.001290" m_tx="0.736765" m_ty="-551.900024"/>
   <element name="quagmire_lamp_short01" layername="quagmire_lamp_shor" frame="1" z_index="5" m_a="1.000000" m_b="0.000000" m_c="0.000000" m_d="1.000000" m_tx="0.000000" m_ty="0.000000"/>
   <element name="quagmire_lamp_short01" layername="quagmire_lamp_shor" frame="2" z_index="6" m_a="1.000000" m_b="0.000000" m_c="0.000000" m_d="1.000000" m_tx="0.000000" m_ty="0.000000"/>
   <element name="quagmire_lamp_short01" layername="quagmire_lamp_shor" frame="0" z_index="7" m_a="1.000000" m_b="0.000000" m_c="0.000000" m_d="1.000000" m_tx="0.000000" m_ty="-96.000000"/>
  </frame>
 </anim>
 <anim name="idle_off" root="baka_lamp_short" numframes="950" framerate="40">
  <frame idx="0" w="282" h="1125" x="-24.275063" y="-655.400391">
   <element name="quagmire_lamp_short01" layername="quagmire_lamp_shor" frame="1" z_index="5" m_a="1.000000" m_b="0.000000" m_c="0.000000" m_d="1.000000" m_tx="0.000000" m_ty="0.000000"/>
   <element name="quagmire_lamp_short01" layername="quagmire_lamp_shor" frame="2" z_index="6" m_a="1.000000" m_b="0.000000" m_c="0.000000" m_d="1.000000" m_tx="0.000000" m_ty="0.000000"/>
   <element name="quagmire_lamp_short01" layername="quagmire_lamp_shor" frame="0" z_index="7" m_a="1.000000" m_b="0.000000" m_c="0.000000" m_d="1.000000" m_tx="0.000000" m_ty="-96.000000"/>
  </frame>
  <frame idx="25" w="282" h="1125" x="-24.275063" y="-655.400391">
   <element name="quagmire_lamp_short01" layername="quagmire_lamp_shor" frame="1" z_index="5" m_a="1.000000" m_b="0.000000" m_c="0.000000" m_d="1.000000" m_tx="0.000000" m_ty="0.000000"/>
   <element name="quagmire_lamp_short01" layername="quagmire_lamp_shor" frame="2" z_index="6" m_a="1.000000" m_b="0.000000" m_c="0.000000" m_d="1.000000" m_tx="0.000000" m_ty="0.000000"/>
   <element name="quagmire_lamp_short01" layername="quagmire_lamp_shor" frame="0" z_index="7" m_a="1.000000" m_b="0.000000" m_c="0.000000" m_d="1.000000" m_tx="0.000000" m_ty="-96.000000"/>
  </frame>
  <frame idx="50" w="282" h="1125" x="-24.275063" y="-655.400391">
   <element name="quagmire_lamp_short01" layername="quagmire_lamp_shor" frame="1" z_index="5" m_a="1.000000" m_b="0.000000" m_c="0.000000" m_d="1.000000" m_tx="0.000000" m_ty="0.000000"/>
   <element name="quagmire_lamp_short01" layername="quagmire_lamp_shor" frame="2" z_index="6" m_a="1.000000" m_b="0.000000" m_c="0.000000" m_d="1.000000" m_tx="0.000000" m_ty="0.000000"/>
   <element name="quagmire_lamp_short01" layername="quagmire_lamp_shor" frame="0" z_index="7" m_a="1.000000" m_b="0.000000" m_c="0.000000" m_d="1.000000" m_tx="0.000000" m_ty="-96.000000"/>
  </frame>
  <frame idx="75" w="282" h="1125" x="-24.275063" y="-655.400391">
   <element name="quagmire_lamp_short01" layername="quagmire_lamp_shor" frame="1" z_index="5" m_a="1.000000" m_b="0.000000" m_c="0.000000" m_d="1.000000" m_tx="0.000000" m_ty="0.000000"/>
   <element name="quagmire_lamp_short01" layername="quagmire_lamp_shor" frame="2" z_index="6" m_a="1.000000" m_b="0.000000" m_c="0.000000" m_d="1.000000" m_tx="0.000000" m_ty="0.000000"/>
   <element name="quagmire_lamp_short01" layername="quagmire_lamp_shor" frame="0" z_index="7" m_a="1.000000" m_b="0.000000" m_c="0.000000" m_d="1.000000" m_tx="0.000000" m_ty="-96.000000"/>
  </frame>
  <frame idx="100" w="282" h="1125" x="-24.275063" y="-655.400391">
   <element name="quagmire_lamp_short01" layername="quagmire_lamp_shor" frame="1" z_index="5" m_a="1.000000" m_b="0.000000" m_c="0.000000" m_d="1.000000" m_tx="0.000000" m_ty="0.000000"/>
   <element name="quagmire_lamp_short01" layername="quagmire_lamp_shor" frame="2" z_index="6" m_a="1.000000" m_b="0.000000" m_c="0.000000" m_d="1.000000" m_tx="0.000000" m_ty="0.000000"/>
   <element name="quagmire_lamp_short01" layername="quagmire_lamp_shor" frame="0" z_index="7" m_a="1.000000" m_b="0.000000" m_c="0.000000" m_d="1.000000" m_tx="0.000000" m_ty="-96.000000"/>
  </frame>
  <frame idx="125" w="282" h="1125" x="-24.275063" y="-655.400391">
   <element name="quagmire_lamp_short01" layername="quagmire_lamp_shor" frame="1" z_index="5" m_a="1.000000" m_b="0.000000" m_c="0.000000" m_d="1.000000" m_tx="0.000000" m_ty="0.000000"/>
   <element name="quagmire_lamp_short01" layername="quagmire_lamp_shor" frame="2" z_index="6" m_a="1.000000" m_b="0.000000" m_c="0.000000" m_d="1.000000" m_tx="0.000000" m_ty="0.000000"/>
   <element name="quagmire_lamp_short01" layername="quagmire_lamp_shor" frame="0" z_index="7" m_a="1.000000" m_b="0.000000" m_c="0.000000" m_d="1.000000" m_tx="0.000000" m_ty="-96.000000"/>
  </frame>
  <frame idx="150" w="282" h="1125" x="-24.275063" y="-655.400391">
   <element name="quagmire_lamp_short01" layername="quagmire_lamp_shor" frame="1" z_index="5" m_a="1.000000" m_b="0.000000" m_c="0.000000" m_d="1.000000" m_tx="0.000000" m_ty="0.000000"/>
   <element name="quagmire_lamp_short01" layername="quagmire_lamp_shor" frame="2" z_index="6" m_a="1.000000" m_b="0.000000" m_c="0.000000" m_d="1.000000" m_tx="0.000000" m_ty="0.000000"/>
   <element name="quagmire_lamp_short01" layername="quagmire_lamp_shor" frame="0" z_index="7" m_a="1.000000" m_b="0.000000" m_c="0.000000" m_d="1.000000" m_tx="0.000000" m_ty="-96.000000"/>
  </frame>
  <frame idx="175" w="282" h="1125" x="-24.275063" y="-655.400391">
   <element name="quagmire_lamp_short01" layername="quagmire_lamp_shor" frame="1" z_index="5" m_a="1.000000" m_b="0.000000" m_c="0.000000" m_d="1.000000" m_tx="0.000000" m_ty="0.000000"/>
   <element name="quagmire_lamp_short01" layername="quagmire_lamp_shor" frame="2" z_index="6" m_a="1.000000" m_b="0.000000" m_c="0.000000" m_d="1.000000" m_tx="0.000000" m_ty="0.000000"/>
   <element name="quagmire_lamp_short01" layername="quagmire_lamp_shor" frame="0" z_index="7" m_a="1.000000" m_b="0.000000" m_c="0.000000" m_d="1.000000" m_tx="0.000000" m_ty="-96.000000"/>
  </frame>
  <frame idx="200" w="282" h="1125" x="-24.275063" y="-655.400391">
   <element name="quagmire_lamp_short01" layername="quagmire_lamp_shor" frame="1" z_index="5" m_a="1.000000" m_b="0.000000" m_c="0.000000" m_d="1.000000" m_tx="0.000000" m_ty="0.000000"/>
   <element name="quagmire_lamp_short01" layername="quagmire_lamp_shor" frame="2" z_index="6" m_a="1.000000" m_b="0.000000" m_c="0.000000" m_d="1.000000" m_tx="0.000000" m_ty="0.000000"/>
   <element name="quagmire_lamp_short01" layername="quagmire_lamp_shor" frame="0" z_index="7" m_a="1.000000" m_b="0.000000" m_c="0.000000" m_d="1.000000" m_tx="0.000000" m_ty="-96.000000"/>
  </frame>
  <frame idx="225" w="282" h="1125" x="-24.275063" y="-655.400391">
   <element name="quagmire_lamp_short01" layername="quagmire_lamp_shor" frame="1" z_index="5" m_a="1.000000" m_b="0.000000" m_c="0.000000" m_d="1.000000" m_tx="0.000000" m_ty="0.000000"/>
   <element name="quagmire_lamp_short01" layername="quagmire_lamp_shor" frame="2" z_index="6" m_a="1.000000" m_b="0.000000" m_c="0.000000" m_d="1.000000" m_tx="0.000000" m_ty="0.000000"/>
   <element name="quagmire_lamp_short01" layername="quagmire_lamp_shor" frame="0" z_index="7" m_a="1.000000" m_b="0.000000" m_c="0.000000" m_d="1.000000" m_tx="0.000000" m_ty="-96.000000"/>
  </frame>
  <frame idx="250" w="282" h="1125" x="-24.275063" y="-655.400391">
   <element name="quagmire_lamp_short01" layername="quagmire_lamp_shor" frame="1" z_index="5" m_a="1.000000" m_b="0.000000" m_c="0.000000" m_d="1.000000" m_tx="0.000000" m_ty="0.000000"/>
   <element name="quagmire_lamp_short01" layername="quagmire_lamp_shor" frame="2" z_index="6" m_a="1.000000" m_b="0.000000" m_c="0.000000" m_d="1.000000" m_tx="0.000000" m_ty="0.000000"/>
   <element name="quagmire_lamp_short01" layername="quagmire_lamp_shor" frame="0" z_index="7" m_a="1.000000" m_b="0.000000" m_c="0.000000" m_d="1.000000" m_tx="0.000000" m_ty="-96.000000"/>
  </frame>
  <frame idx="275" w="282" h="1125" x="-24.275063" y="-655.400391">
   <element name="quagmire_lamp_short01" layername="quagmire_lamp_shor" frame="1" z_index="5" m_a="1.000000" m_b="0.000000" m_c="0.000000" m_d="1.000000" m_tx="0.000000" m_ty="0.000000"/>
   <element name="quagmire_lamp_short01" layername="quagmire_lamp_shor" frame="2" z_index="6" m_a="1.000000" m_b="0.000000" m_c="0.000000" m_d="1.000000" m_tx="0.000000" m_ty="0.000000"/>
   <element name="quagmire_lamp_short01" layername="quagmire_lamp_shor" frame="0" z_index="7" m_a="1.000000" m_b="0.000000" m_c="0.000000" m_d="1.000000" m_tx="0.000000" m_ty="-96.000000"/>
  </frame>
  <frame idx="300" w="282" h="1125" x="-24.275063" y="-655.400391">
   <element name="quagmire_lamp_short01" layername="quagmire_lamp_shor" frame="1" z_index="5" m_a="1.000000" m_b="0.000000" m_c="0.000000" m_d="1.000000" m_tx="0.000000" m_ty="0.000000"/>
   <element name="quagmire_lamp_short01" layername="quagmire_lamp_shor" frame="2" z_index="6" m_a="1.000000" m_b="0.000000" m_c="0.000000" m_d="1.000000" m_tx="0.000000" m_ty="0.000000"/>
   <element name="quagmire_lamp_short01" layername="quagmire_lamp_shor" frame="0" z_index="7" m_a="1.000000" m_b="0.000000" m_c="0.000000" m_d="1.000000" m_tx="0.000000" m_ty="-96.000000"/>
  </frame>
  <frame idx="325" w="282" h="1125" x="-24.275063" y="-655.400391">
   <element name="quagmire_lamp_short01" layername="quagmire_lamp_shor" frame="1" z_index="5" m_a="1.000000" m_b="0.000000" m_c="0.000000" m_d="1.000000" m_tx="0.000000" m_ty="0.000000"/>
   <element name="quagmire_lamp_short01" layername="quagmire_lamp_shor" frame="2" z_index="6" m_a="1.000000" m_b="0.000000" m_c="0.000000" m_d="1.000000" m_tx="0.000000" m_ty="0.000000"/>
   <element name="quagmire_lamp_short01" layername="quagmire_lamp_shor" frame="0" z_index="7" m_a="1.000000" m_b="0.000000" m_c="0.000000" m_d="1.000000" m_tx="0.000000" m_ty="-96.000000"/>
  </frame>
  <frame idx="350" w="282" h="1125" x="-24.275063" y="-655.400391">
   <element name="quagmire_lamp_short01" layername="quagmire_lamp_shor" frame="1" z_index="5" m_a="1.000000" m_b="0.000000" m_c="0.000000" m_d="1.000000" m_tx="0.000000" m_ty="0.000000"/>
   <element name="quagmire_lamp_short01" layername="quagmire_lamp_shor" frame="2" z_index="6" m_a="1.000000" m_b="0.000000" m_c="0.000000" m_d="1.000000" m_tx="0.000000" m_ty="0.000000"/>
   <element name="quagmire_lamp_short01" layername="quagmire_lamp_shor" frame="0" z_index="7" m_a="1.000000" m_b="0.000000" m_c="0.000000" m_d="1.000000" m_tx="0.000000" m_ty="-96.000000"/>
  </frame>
  <frame idx="375" w="282" h="1125" x="-24.275063" y="-655.400391">
   <element name="quagmire_lamp_short01" layername="quagmire_lamp_shor" frame="1" z_index="5" m_a="1.000000" m_b="0.000000" m_c="0.000000" m_d="1.000000" m_tx="0.000000" m_ty="0.000000"/>
   <element name="quagmire_lamp_short01" layername="quagmire_lamp_shor" frame="2" z_index="6" m_a="1.000000" m_b="0.000000" m_c="0.000000" m_d="1.000000" m_tx="0.000000" m_ty="0.000000"/>
   <element name="quagmire_lamp_short01" layername="quagmire_lamp_shor" frame="0" z_index="7" m_a="1.000000" m_b="0.000000" m_c="0.000000" m_d="1.000000" m_tx="0.000000" m_ty="-96.000000"/>
  </frame>
  <frame idx="400" w="282" h="1125" x="-24.275063" y="-655.400391">
   <element name="quagmire_lamp_short01" layername="quagmire_lamp_shor" frame="1" z_index="5" m_a="1.000000" m_b="0.000000" m_c="0.000000" m_d="1.000000" m_tx="0.000000" m_ty="0.000000"/>
   <element name="quagmire_lamp_short01" layername="quagmire_lamp_shor" frame="2" z_index="6" m_a="1.000000" m_b="0.000000" m_c="0.000000" m_d="1.000000" m_tx="0.000000" m_ty="0.000000"/>
   <element name="quagmire_lamp_short01" layername="quagmire_lamp_shor" frame="0" z_index="7" m_a="1.000000" m_b="0.000000" m_c="0.000000" m_d="1.000000" m_tx="0.000000" m_ty="-96.000000"/>
  </frame>
  <frame idx="425" w="282" h="1125" x="-24.275063" y="-655.400391">
   <element name="quagmire_lamp_short01" layername="quagmire_lamp_shor" frame="1" z_index="5" m_a="1.000000" m_b="0.000000" m_c="0.000000" m_d="1.000000" m_tx="0.000000" m_ty="0.000000"/>
   <element name="quagmire_lamp_short01" layername="quagmire_lamp_shor" frame="2" z_index="6" m_a="1.000000" m_b="0.000000" m_c="0.000000" m_d="1.000000" m_tx="0.000000" m_ty="0.000000"/>
   <element name="quagmire_lamp_short01" layername="quagmire_lamp_shor" frame="0" z_index="7" m_a="1.000000" m_b="0.000000" m_c="0.000000" m_d="1.000000" m_tx="0.000000" m_ty="-96.000000"/>
  </frame>
  <frame idx="450" w="282" h="1125" x="-24.275063" y="-655.400391">
   <element name="quagmire_lamp_short01" layername="quagmire_lamp_shor" frame="1" z_index="5" m_a="1.000000" m_b="0.000000" m_c="0.000000" m_d="1.000000" m_tx="0.000000" m_ty="0.000000"/>
   <element name="quagmire_lamp_short01" layername="quagmire_lamp_shor" frame="2" z_index="6" m_a="1.000000" m_b="0.000000" m_c="0.000000" m_d="1.000000" m_tx="0.000000" m_ty="0.000000"/>
   <element name="quagmire_lamp_short01" layername="quagmire_lamp_shor" frame="0" z_index="7" m_a="1.000000" m_b="0.000000" m_c="0.000000" m_d="1.000000" m_tx="0.000000" m_ty="-96.000000"/>
  </frame>
  <frame idx="475" w="282" h="1125" x="-24.275063" y="-655.400391">
   <element name="quagmire_lamp_short01" layername="quagmire_lamp_shor" frame="1" z_index="5" m_a="1.000000" m_b="0.000000" m_c="0.000000" m_d="1.000000" m_tx="0.000000" m_ty="0.000000"/>
   <element name="quagmire_lamp_short01" layername="quagmire_lamp_shor" frame="2" z_index="6" m_a="1.000000" m_b="0.000000" m_c="0.000000" m_d="1.000000" m_tx="0.000000" m_ty="0.000000"/>
   <element name="quagmire_lamp_short01" layername="quagmire_lamp_shor" frame="0" z_index="7" m_a="1.000000" m_b="0.000000" m_c="0.000000" m_d="1.000000" m_tx="0.000000" m_ty="-96.000000"/>
  </frame>
  <frame idx="500" w="282" h="1125" x="-24.275063" y="-655.400391">
   <element name="quagmire_lamp_short01" layername="quagmire_lamp_shor" frame="1" z_index="5" m_a="1.000000" m_b="0.000000" m_c="0.000000" m_d="1.000000" m_tx="0.000000" m_ty="0.000000"/>
   <element name="quagmire_lamp_short01" layername="quagmire_lamp_shor" frame="2" z_index="6" m_a="1.000000" m_b="0.000000" m_c="0.000000" m_d="1.000000" m_tx="0.000000" m_ty="0.000000"/>
   <element name="quagmire_lamp_short01" layername="quagmire_lamp_shor" frame="0" z_index="7" m_a="1.000000" m_b="0.000000" m_c="0.000000" m_d="1.000000" m_tx="0.000000" m_ty="-96.000000"/>
  </frame>
  <frame idx="525" w="282" h="1125" x="-24.275063" y="-655.400391">
   <element name="quagmire_lamp_short01" layername="quagmire_lamp_shor" frame="1" z_index="5" m_a="1.000000" m_b="0.000000" m_c="0.000000" m_d="1.000000" m_tx="0.000000" m_ty="0.000000"/>
   <element name="quagmire_lamp_short01" layername="quagmire_lamp_shor" frame="2" z_index="6" m_a="1.000000" m_b="0.000000" m_c="0.000000" m_d="1.000000" m_tx="0.000000" m_ty="0.000000"/>
   <element name="quagmire_lamp_short01" layername="quagmire_lamp_shor" frame="0" z_index="7" m_a="1.000000" m_b="0.000000" m_c="0.000000" m_d="1.000000" m_tx="0.000000" m_ty="-96.000000"/>
  </frame>
  <frame idx="550" w="282" h="1125" x="-24.275063" y="-655.400391">
   <element name="quagmire_lamp_short01" layername="quagmire_lamp_shor" frame="1" z_index="5" m_a="1.000000" m_b="0.000000" m_c="0.000000" m_d="1.000000" m_tx="0.000000" m_ty="0.000000"/>
   <element name="quagmire_lamp_short01" layername="quagmire_lamp_shor" frame="2" z_index="6" m_a="1.000000" m_b="0.000000" m_c="0.000000" m_d="1.000000" m_tx="0.000000" m_ty="0.000000"/>
   <element name="quagmire_lamp_short01" layername="quagmire_lamp_shor" frame="0" z_index="7" m_a="1.000000" m_b="0.000000" m_c="0.000000" m_d="1.000000" m_tx="0.000000" m_ty="-96.000000"/>
  </frame>
  <frame idx="575" w="282" h="1125" x="-24.275063" y="-655.400391">
   <element name="quagmire_lamp_short01" layername="quagmire_lamp_shor" frame="1" z_index="5" m_a="1.000000" m_b="0.000000" m_c="0.000000" m_d="1.000000" m_tx="0.000000" m_ty="0.000000"/>
   <element name="quagmire_lamp_short01" layername="quagmire_lamp_shor" frame="2" z_index="6" m_a="1.000000" m_b="0.000000" m_c="0.000000" m_d="1.000000" m_tx="0.000000" m_ty="0.000000"/>
   <element name="quagmire_lamp_short01" layername="quagmire_lamp_shor" frame="0" z_index="7" m_a="1.000000" m_b="0.000000" m_c="0.000000" m_d="1.000000" m_tx="0.000000" m_ty="-96.000000"/>
  </frame>
  <frame idx="600" w="282" h="1125" x="-24.275063" y="-655.400391">
   <element name="quagmire_lamp_short01" layername="quagmire_lamp_shor" frame="1" z_index="5" m_a="1.000000" m_b="0.000000" m_c="0.000000" m_d="1.000000" m_tx="0.000000" m_ty="0.000000"/>
   <element name="quagmire_lamp_short01" layername="quagmire_lamp_shor" frame="2" z_index="6" m_a="1.000000" m_b="0.000000" m_c="0.000000" m_d="1.000000" m_tx="0.000000" m_ty="0.000000"/>
   <element name="quagmire_lamp_short01" layername="quagmire_lamp_shor" frame="0" z_index="7" m_a="1.000000" m_b="0.000000" m_c="0.000000" m_d="1.000000" m_tx="0.000000" m_ty="-96.000000"/>
  </frame>
  <frame idx="625" w="282" h="1125" x="-24.275063" y="-655.400391">
   <element name="quagmire_lamp_short01" layername="quagmire_lamp_shor" frame="1" z_index="5" m_a="1.000000" m_b="0.000000" m_c="0.000000" m_d="1.000000" m_tx="0.000000" m_ty="0.000000"/>
   <element name="quagmire_lamp_short01" layername="quagmire_lamp_shor" frame="2" z_index="6" m_a="1.000000" m_b="0.000000" m_c="0.000000" m_d="1.000000" m_tx="0.000000" m_ty="0.000000"/>
   <element name="quagmire_lamp_short01" layername="quagmire_lamp_shor" frame="0" z_index="7" m_a="1.000000" m_b="0.000000" m_c="0.000000" m_d="1.000000" m_tx="0.000000" m_ty="-96.000000"/>
  </frame>
  <frame idx="650" w="282" h="1125" x="-24.275063" y="-655.400391">
   <element name="quagmire_lamp_short01" layername="quagmire_lamp_shor" frame="1" z_index="5" m_a="1.000000" m_b="0.000000" m_c="0.000000" m_d="1.000000" m_tx="0.000000" m_ty="0.000000"/>
   <element name="quagmire_lamp_short01" layername="quagmire_lamp_shor" frame="2" z_index="6" m_a="1.000000" m_b="0.000000" m_c="0.000000" m_d="1.000000" m_tx="0.000000" m_ty="0.000000"/>
   <element name="quagmire_lamp_short01" layername="quagmire_lamp_shor" frame="0" z_index="7" m_a="1.000000" m_b="0.000000" m_c="0.000000" m_d="1.000000" m_tx="0.000000" m_ty="-96.000000"/>
  </frame>
  <frame idx="675" w="282" h="1125" x="-24.275063" y="-655.400391">
   <element name="quagmire_lamp_short01" layername="quagmire_lamp_shor" frame="1" z_index="5" m_a="1.000000" m_b="0.000000" m_c="0.000000" m_d="1.000000" m_tx="0.000000" m_ty="0.000000"/>
   <element name="quagmire_lamp_short01" layername="quagmire_lamp_shor" frame="2" z_index="6" m_a="1.000000" m_b="0.000000" m_c="0.000000" m_d="1.000000" m_tx="0.000000" m_ty="0.000000"/>
   <element name="quagmire_lamp_short01" layername="quagmire_lamp_shor" frame="0" z_index="7" m_a="1.000000" m_b="0.000000" m_c="0.000000" m_d="1.000000" m_tx="0.000000" m_ty="-96.000000"/>
  </frame>
  <frame idx="700" w="282" h="1125" x="-24.275063" y="-655.400391">
   <element name="quagmire_lamp_short01" layername="quagmire_lamp_shor" frame="1" z_index="5" m_a="1.000000" m_b="0.000000" m_c="0.000000" m_d="1.000000" m_tx="0.000000" m_ty="0.000000"/>
   <element name="quagmire_lamp_short01" layername="quagmire_lamp_shor" frame="2" z_index="6" m_a="1.000000" m_b="0.000000" m_c="0.000000" m_d="1.000000" m_tx="0.000000" m_ty="0.000000"/>
   <element name="quagmire_lamp_short01" layername="quagmire_lamp_shor" frame="0" z_index="7" m_a="1.000000" m_b="0.000000" m_c="0.000000" m_d="1.000000" m_tx="0.000000" m_ty="-96.000000"/>
  </frame>
  <frame idx="725" w="282" h="1125" x="-24.275063" y="-655.400391">
   <element name="quagmire_lamp_short01" layername="quagmire_lamp_shor" frame="1" z_index="5" m_a="1.000000" m_b="0.000000" m_c="0.000000" m_d="1.000000" m_tx="0.000000" m_ty="0.000000"/>
   <element name="quagmire_lamp_short01" layername="quagmire_lamp_shor" frame="2" z_index="6" m_a="1.000000" m_b="0.000000" m_c="0.000000" m_d="1.000000" m_tx="0.000000" m_ty="0.000000"/>
   <element name="quagmire_lamp_short01" layername="quagmire_lamp_shor" frame="0" z_index="7" m_a="1.000000" m_b="0.000000" m_c="0.000000" m_d="1.000000" m_tx="0.000000" m_ty="-96.000000"/>
  </frame>
  <frame idx="750" w="282" h="1125" x="-24.275063" y="-655.400391">
   <element name="quagmire_lamp_short01" layername="quagmire_lamp_shor" frame="1" z_index="5" m_a="1.000000" m_b="0.000000" m_c="0.000000" m_d="1.000000" m_tx="0.000000" m_ty="0.000000"/>
   <element name="quagmire_lamp_short01" layername="quagmire_lamp_shor" frame="2" z_index="6" m_a="1.000000" m_b="0.000000" m_c="0.000000" m_d="1.000000" m_tx="0.000000" m_ty="0.000000"/>
   <element name="quagmire_lamp_short01" layername="quagmire_lamp_shor" frame="0" z_index="7" m_a="1.000000" m_b="0.000000" m_c="0.000000" m_d="1.000000" m_tx="0.000000" m_ty="-96.000000"/>
  </frame>
  <frame idx="775" w="282" h="1125" x="-24.275063" y="-655.400391">
   <element name="quagmire_lamp_short01" layername="quagmire_lamp_shor" frame="1" z_index="5" m_a="1.000000" m_b="0.000000" m_c="0.000000" m_d="1.000000" m_tx="0.000000" m_ty="0.000000"/>
   <element name="quagmire_lamp_short01" layername="quagmire_lamp_shor" frame="2" z_index="6" m_a="1.000000" m_b="0.000000" m_c="0.000000" m_d="1.000000" m_tx="0.000000" m_ty="0.000000"/>
   <element name="quagmire_lamp_short01" layername="quagmire_lamp_shor" frame="0" z_index="7" m_a="1.000000" m_b="0.000000" m_c="0.000000" m_d="1.000000" m_tx="0.000000" m_ty="-96.000000"/>
  </frame>
  <frame idx="800" w="282" h="1125" x="-24.275063" y="-655.400391">
   <element name="quagmire_lamp_short01" layername="quagmire_lamp_shor" frame="1" z_index="5" m_a="1.000000" m_b="0.000000" m_c="0.000000" m_d="1.000000" m_tx="0.000000" m_ty="0.000000"/>
   <element name="quagmire_lamp_short01" layername="quagmire_lamp_shor" frame="2" z_index="6" m_a="1.000000" m_b="0.000000" m_c="0.000000" m_d="1.000000" m_tx="0.000000" m_ty="0.000000"/>
   <element name="quagmire_lamp_short01" layername="quagmire_lamp_shor" frame="0" z_index="7" m_a="1.000000" m_b="0.000000" m_c="0.000000" m_d="1.000000" m_tx="0.000000" m_ty="-96.000000"/>
  </frame>
  <frame idx="825" w="282" h="1125" x="-24.275063" y="-655.400391">
   <element name="quagmire_lamp_short01" layername="quagmire_lamp_shor" frame="1" z_index="5" m_a="1.000000" m_b="0.000000" m_c="0.000000" m_d="1.000000" m_tx="0.000000" m_ty="0.000000"/>
   <element name="quagmire_lamp_short01" layername="quagmire_lamp_shor" frame="2" z_index="6" m_a="1.000000" m_b="0.000000" m_c="0.000000" m_d="1.000000" m_tx="0.000000" m_ty="0.000000"/>
   <element name="quagmire_lamp_short01" layername="quagmire_lamp_shor" frame="0" z_index="7" m_a="1.000000" m_b="0.000000" m_c="0.000000" m_d="1.000000" m_tx="0.000000" m_ty="-96.000000"/>
  </frame>
  <frame idx="850" w="282" h="1125" x="-24.275063" y="-655.400391">
   <element name="quagmire_lamp_short01" layername="quagmire_lamp_shor" frame="1" z_index="5" m_a="1.000000" m_b="0.000000" m_c="0.000000" m_d="1.000000" m_tx="0.000000" m_ty="0.000000"/>
   <element name="quagmire_lamp_short01" layername="quagmire_lamp_shor" frame="2" z_index="6" m_a="1.000000" m_b="0.000000" m_c="0.000000" m_d="1.000000" m_tx="0.000000" m_ty="0.000000"/>
   <element name="quagmire_lamp_short01" layername="quagmire_lamp_shor" frame="0" z_index="7" m_a="1.000000" m_b="0.000000" m_c="0.000000" m_d="1.000000" m_tx="0.000000" m_ty="-96.000000"/>
  </frame>
  <frame idx="875" w="282" h="1125" x="-24.275063" y="-655.400391">
   <element name="quagmire_lamp_short01" layername="quagmire_lamp_shor" frame="1" z_index="5" m_a="1.000000" m_b="0.000000" m_c="0.000000" m_d="1.000000" m_tx="0.000000" m_ty="0.000000"/>
   <element name="quagmire_lamp_short01" layername="quagmire_lamp_shor" frame="2" z_index="6" m_a="1.000000" m_b="0.000000" m_c="0.000000" m_d="1.000000" m_tx="0.000000" m_ty="0.000000"/>
   <element name="quagmire_lamp_short01" layername="quagmire_lamp_shor" frame="0" z_index="7" m_a="1.000000" m_b="0.000000" m_c="0.000000" m_d="1.000000" m_tx="0.000000" m_ty="-96.000000"/>
  </frame>
  <frame idx="900" w="282" h="1125" x="-24.275063" y="-655.400391">
   <element name="quagmire_lamp_short01" layername="quagmire_lamp_shor" frame="1" z_index="5" m_a="1.000000" m_b="0.000000" m_c="0.000000" m_d="1.000000" m_tx="0.000000" m_ty="0.000000"/>
   <element name="quagmire_lamp_short01" layername="quagmire_lamp_shor" frame="2" z_index="6" m_a="1.000000" m_b="0.000000" m_c="0.000000" m_d="1.000000" m_tx="0.000000" m_ty="0.000000"/>
   <element name="quagmire_lamp_short01" layername="quagmire_lamp_shor" frame="0" z_index="7" m_a="1.000000" m_b="0.000000" m_c="0.000000" m_d="1.000000" m_tx="0.000000" m_ty="-96.000000"/>
  </frame>
  <frame idx="925" w="282" h="1125" x="-24.275063" y="-655.400391">
   <element name="quagmire_lamp_short01" layername="quagmire_lamp_shor" frame="1" z_index="5" m_a="1.000000" m_b="0.000000" m_c="0.000000" m_d="1.000000" m_tx="0.000000" m_ty="0.000000"/>
   <element name="quagmire_lamp_short01" layername="quagmire_lamp_shor" frame="2" z_index="6" m_a="1.000000" m_b="0.000000" m_c="0.000000" m_d="1.000000" m_tx="0.000000" m_ty="0.000000"/>
   <element name="quagmire_lamp_short01" layername="quagmire_lamp_shor" frame="0" z_index="7" m_a="1.000000" m_b="0.000000" m_c="0.000000" m_d="1.000000" m_tx="0.000000" m_ty="-96.000000"/>
  </frame>
 </anim>
</Anims>
